note_id,unified_note_id,normalized_note_name,in_rule_space,in_perfume_space,merged_group_size
NOTE-0001,NOTE-0001,african_geranium,False,True,1
NOTE-0002,NOTE-0002,african_orange_flower,False,True,1
NOTE-0003,NOTE-0003,agarwood_oud,True,True,1
NOTE-0004,NOTE-0004,akigalawood,False,True,1
NOTE-0005,NOTE-0005,aldehydes,True,True,1
NOTE-0006,NOTE-0006,almond,False,True,1
NOTE-0007,NOTE-0007,almond_blossom,False,True,1
NOTE-0008,NOTE-0008,almond_milk,False,True,1
NOTE-0009,NOTE-0009,amalfi_lemon,False,True,1
NOTE-0010,NOTE-0010,amalfi_lemon_mandarin_orange,False,True,1
NOTE-0011,NOTE-0011,amber,False,True,1
NOTE-0012,NOTE-0012,amber_accord,True,True,1
NOTE-0013,NOTE-0013,amber_like_woods,False,True,1
NOTE-0014,NOTE-0014,amber_notes,False,True,1
NOTE-0015,NOTE-0015,ambergris,False,True,1
NOTE-0016,NOTE-0016,amberwood,True,True,1
NOTE-0017,NOTE-0017,ambrette,False,True,1
NOTE-0018,NOTE-0018,ambrette_musk_mallow,False,True,1
NOTE-0019,NOTE-0019,ambrette_seed,False,True,2
NOTE-0020,NOTE-0020,ambrox,False,True,1
NOTE-0021,NOTE-0021,ambroxan,True,True,1
NOTE-0022,NOTE-0022,amyl_salicylate,False,True,1
NOTE-0023,NOTE-0023,amyris,False,True,1
NOTE-0024,NOTE-0024,angelica,False,True,1
NOTE-0025,NOTE-0025,animal_notes,False,True,1
NOTE-0026,NOTE-0026,anise,False,True,1
NOTE-0027,NOTE-0027,apple,True,True,1
NOTE-0028,NOTE-0028,apricot,False,True,1
NOTE-0029,NOTE-0029,aromatic_citrus,False,True,1
NOTE-0030,NOTE-0030,aromatic_herbs,False,True,1
NOTE-0031,NOTE-0031,aromatic_spices,False,True,1
NOTE-0032,NOTE-0032,artemisia,False,True,1
NOTE-0033,NOTE-0033,balsamic_resins,False,True,1
NOTE-0034,NOTE-0034,balsamic_woods,False,True,1
NOTE-0035,NOTE-0035,banana,False,True,1
NOTE-0036,NOTE-0036,basil,False,True,4
NOTE-0037,NOTE-0037,bay_leaf,False,True,1
NOTE-0038,NOTE-0038,beeswax,False,True,2
NOTE-0039,NOTE-0039,benzoin,True,True,1
NOTE-0040,NOTE-0040,bergamot,True,True,1
NOTE-0041,NOTE-0041,berries,False,True,1
NOTE-0042,NOTE-0042,bigarade_bitter_orange,False,True,1
NOTE-0043,NOTE-0043,birch,False,True,1
NOTE-0044,NOTE-0044,birch_leaf,False,True,1
NOTE-0045,NOTE-0045,birch_leaves,False,True,1
NOTE-0046,NOTE-0046,birch_tar,True,True,1
NOTE-0047,NOTE-0047,bitter_almond,False,True,1
NOTE-0048,NOTE-0048,bitter_orange,False,True,1
NOTE-0049,NOTE-0049,black_amber,False,True,1
NOTE-0050,NOTE-0050,black_currant,False,True,1
NOTE-0051,NOTE-0051,black_ink,False,True,1
NOTE-0052,NOTE-0052,black_licorice,False,True,1
NOTE-0053,NOTE-0053,black_pepper,False,True,3
NOTE-0054,NOTE-0054,black_tea,False,True,7
NOTE-0055,NOTE-0055,black_vanilla_husk,False,True,1
NOTE-0056,NOTE-0056,blackberry,False,True,1
NOTE-0057,NOTE-0057,blackcurrant,False,True,1
NOTE-0058,NOTE-0058,blood_grapefruit,False,True,1
NOTE-0059,NOTE-0059,blood_mandarin,False,True,1
NOTE-0060,NOTE-0060,blood_orange,False,True,1
NOTE-0061,NOTE-0061,blue_ginger,False,True,1
NOTE-0062,NOTE-0062,blue_lotus,False,True,1
NOTE-0063,NOTE-0063,blue_sage,False,True,1
NOTE-0064,NOTE-0064,bourbon_geranium,False,True,3
NOTE-0065,NOTE-0065,bourbon_vanilla,False,True,1
NOTE-0066,NOTE-0066,bourbon_vetiver,False,True,3
NOTE-0067,NOTE-0067,bourbon_whiskey,False,True,1
NOTE-0068,NOTE-0068,brazilian_rosewood,False,True,1
NOTE-0069,NOTE-0069,brown_sugar,False,True,1
NOTE-0070,NOTE-0070,bulgarian_rose,False,True,1
NOTE-0071,NOTE-0071,bulrush,False,True,1
NOTE-0072,NOTE-0072,burnt_match,False,True,1
NOTE-0073,NOTE-0073,cacao,False,True,1
NOTE-0074,NOTE-0074,cacao_pod,False,True,1
NOTE-0075,NOTE-0075,cade_oil,True,True,1
NOTE-0076,NOTE-0076,calabrian_bergamot,False,True,1
NOTE-0077,NOTE-0077,calamansi,False,True,1
NOTE-0078,NOTE-0078,cappuccino,False,True,1
NOTE-0079,NOTE-0079,caramel,False,True,1
NOTE-0080,NOTE-0080,caraway,False,True,1
NOTE-0081,NOTE-0081,cardamom,False,True,3
NOTE-0082,NOTE-0082,cardamon,False,True,1
NOTE-0083,NOTE-0083,carnation,False,True,1
NOTE-0084,NOTE-0084,carrot,False,True,1
NOTE-0085,NOTE-0085,carrot_seeds,False,True,1
NOTE-0086,NOTE-0086,cascarilla,False,True,1
NOTE-0087,NOTE-0087,cashmeran,True,True,1
NOTE-0088,NOTE-0088,cashmere_wood,False,True,1
NOTE-0089,NOTE-0089,cassis,False,True,1
NOTE-0090,NOTE-0090,castoreum,False,True,2
NOTE-0091,NOTE-0091,cedar,False,True,1
NOTE-0092,NOTE-0092,cedar_leaf,False,True,1
NOTE-0093,NOTE-0093,cedar_shavings,False,True,1
NOTE-0094,NOTE-0094,cedarwood,True,True,1
NOTE-0095,NOTE-0095,celery_seeds,False,True,1
NOTE-0096,NOTE-0096,ceylon_cinnamon,False,True,1
NOTE-0097,NOTE-0097,chamomile,False,True,1
NOTE-0098,NOTE-0098,champagne,False,True,1
NOTE-0099,NOTE-0099,chestnut,False,True,1
NOTE-0100,NOTE-0100,chilli,False,True,1
NOTE-0101,NOTE-0101,chilli_accord,False,True,1
NOTE-0102,NOTE-0102,chinotto,False,True,1
NOTE-0103,NOTE-0103,chocolate,False,True,1
NOTE-0104,NOTE-0104,cinnamon,False,True,2
NOTE-0105,NOTE-0105,cinnamon_leaf,False,True,2
NOTE-0106,NOTE-0106,cistus,False,True,1
NOTE-0107,NOTE-0107,cistus_labdanum,False,True,1
NOTE-0108,NOTE-0108,citron,False,True,1
NOTE-0109,NOTE-0109,citrus,False,True,1
NOTE-0110,NOTE-0110,citrus_notes,False,True,1
NOTE-0111,NOTE-0111,citrus_nuances,False,True,1
NOTE-0112,NOTE-0112,citruses,False,True,1
NOTE-0113,NOTE-0113,citruses_with_sugar,False,True,1
NOTE-0114,NOTE-0114,citrusy_sparkles,False,True,1
NOTE-0115,NOTE-0115,civet,False,True,1
NOTE-0116,NOTE-0116,clary_sage,True,True,1
NOTE-0117,NOTE-0117,clean_musk,False,True,1
NOTE-0118,NOTE-0118,clementine,False,True,1
NOTE-0119,NOTE-0119,clove,False,True,3
NOTE-0120,NOTE-0120,clover,False,True,1
NOTE-0121,NOTE-0121,cloves,False,True,1
NOTE-0122,NOTE-0122,coal,False,True,1
NOTE-0123,NOTE-0123,cocoa,False,True,4
NOTE-0124,NOTE-0124,coconut,False,True,3
NOTE-0125,NOTE-0125,coconut_blossom,False,True,1
NOTE-0126,NOTE-0126,coconut_milk,False,True,1
NOTE-0127,NOTE-0123,coffee,False,True,4
NOTE-0128,NOTE-0128,cognac,False,True,1
NOTE-0129,NOTE-0129,cool_mint,False,True,1
NOTE-0130,NOTE-0130,coriander,False,True,2
NOTE-0131,NOTE-0131,coriander_leaf,False,True,1
NOTE-0132,NOTE-0132,cotton_candy,False,True,1
NOTE-0133,NOTE-0133,cotton_flower,False,True,1
NOTE-0134,NOTE-0134,coumarin,True,True,1
NOTE-0135,NOTE-0135,cranberry,False,True,1
NOTE-0136,NOTE-0136,cucumber,False,True,1
NOTE-0137,NOTE-0137,cumin,False,True,1
NOTE-0138,NOTE-0138,cyclamen,False,True,1
NOTE-0139,NOTE-0139,cypress,False,True,1
NOTE-0140,NOTE-0140,cypriol,True,True,1
NOTE-0141,NOTE-0141,cypriol_oil_or_nagarmotha,False,True,2
NOTE-0142,NOTE-0142,damask_rose,False,True,1
NOTE-0143,NOTE-0143,darjeeling_tea,False,True,1
NOTE-0144,NOTE-0144,dark_berries,False,True,1
NOTE-0145,NOTE-0145,dates,False,True,1
NOTE-0146,NOTE-0146,dried_fruits,False,True,1
NOTE-0147,NOTE-0147,dried_plum,False,True,1
NOTE-0148,NOTE-0148,driftwood,False,True,1
NOTE-0149,NOTE-0149,dry_woods,False,True,1
NOTE-0150,NOTE-0150,ebony,False,True,1
NOTE-0151,NOTE-0151,ebony_wood,False,True,1
NOTE-0152,NOTE-0152,egyptian_jasmine,False,True,1
NOTE-0153,NOTE-0153,egyptian_pelargonium,False,True,1
NOTE-0154,NOTE-0154,elemi,False,True,2
NOTE-0155,NOTE-0155,eucalyptus,True,True,1
NOTE-0156,NOTE-0156,fennel,False,True,1
NOTE-0157,NOTE-0157,fig,False,True,2
NOTE-0158,NOTE-0158,fig_leaf,False,True,3
NOTE-0159,NOTE-0159,fir,False,True,1
NOTE-0160,NOTE-0160,fir_needles,False,True,1
NOTE-0161,NOTE-0161,flax,False,True,1
NOTE-0162,NOTE-0162,flint,False,True,1
NOTE-0163,NOTE-0163,floral_notes,False,True,1
NOTE-0164,NOTE-0164,frangipani,False,True,1
NOTE-0165,NOTE-0165,frankincense,False,True,3
NOTE-0166,NOTE-0166,freesia,True,True,1
NOTE-0167,NOTE-0167,fruit,False,True,1
NOTE-0168,NOTE-0168,fruity_notes,False,True,1
NOTE-0169,NOTE-0169,galbanum,True,True,1
NOTE-0170,NOTE-0170,gardenia,False,True,1
NOTE-0171,NOTE-0064,geranium,False,True,3
NOTE-0172,NOTE-0172,ginger,False,True,3
NOTE-0173,NOTE-0173,goldenwood,False,True,1
NOTE-0174,NOTE-0174,grape,False,True,1
NOTE-0175,NOTE-0175,grapefruit,True,True,1
NOTE-0176,NOTE-0176,grapefruit_blossom,False,True,1
NOTE-0177,NOTE-0177,grass,False,True,1
NOTE-0178,NOTE-0178,grasse_rose,False,True,1
NOTE-0179,NOTE-0179,green_accord,False,True,3
NOTE-0180,NOTE-0180,green_apple,True,True,1
NOTE-0181,NOTE-0181,green_leaves,False,True,1
NOTE-0182,NOTE-0182,green_mandarin,False,True,1
NOTE-0183,NOTE-0179,green_mango,False,True,3
NOTE-0184,NOTE-0184,green_notes,False,True,1
NOTE-0185,NOTE-0036,green_tea,False,True,4
NOTE-0186,NOTE-0186,grey_amber,False,True,1
NOTE-0187,NOTE-0187,guaiac_wood,True,True,1
NOTE-0188,NOTE-0188,haitian_vetiver,False,True,1
NOTE-0189,NOTE-0189,hawthorn,False,True,1
NOTE-0190,NOTE-0190,hay,False,True,2
NOTE-0191,NOTE-0191,hazelnut,False,True,1
NOTE-0192,NOTE-0192,hedgerow_florals,False,True,1
NOTE-0193,NOTE-0193,hedione,True,True,1
NOTE-0194,NOTE-0194,heliotrope,True,True,1
NOTE-0195,NOTE-0195,herbs,False,True,1
NOTE-0196,NOTE-0196,hiacynth,False,True,1
NOTE-0197,NOTE-0197,honey,False,True,2
NOTE-0198,NOTE-0198,honeysuckle,False,True,1
NOTE-0199,NOTE-0199,hyacinth,False,True,1
NOTE-0200,NOTE-0200,immortelle,False,True,1
NOTE-0201,NOTE-0201,incense,False,True,1
NOTE-0202,NOTE-0202,indian_tuberose,False,True,1
NOTE-0203,NOTE-0203,indonesian_patchouli_leaf,False,True,1
NOTE-0204,NOTE-0204,iris,True,True,1
NOTE-0205,NOTE-0205,iso_e_super,True,True,1
NOTE-0206,NOTE-0206,italian_mandarin,False,True,1
NOTE-0207,NOTE-0207,italian_orange,False,True,1
NOTE-0208,NOTE-0208,ivy,False,True,1
NOTE-0209,NOTE-0209,jasmine,True,True,1
NOTE-0210,NOTE-0210,jasmine_egypt_infusion,False,True,1
NOTE-0211,NOTE-0211,jasmine_sambac,False,True,1
NOTE-0212,NOTE-0212,jasmine_tea,False,True,1
NOTE-0213,NOTE-0213,java_vetiver_oil,False,True,2
NOTE-0214,NOTE-0214,juniper,False,True,1
NOTE-0215,NOTE-0215,juniper_berries,False,True,1
NOTE-0216,NOTE-0216,kiwi,False,True,1
NOTE-0217,NOTE-0217,kulfi,False,True,1
NOTE-0218,NOTE-0218,kulfi_accord,False,True,1
NOTE-0219,NOTE-0219,kumquat,False,True,1
NOTE-0220,NOTE-0220,labdanum,True,True,1
NOTE-0221,NOTE-0221,lavandin,False,True,2
NOTE-0222,NOTE-0222,lavender,True,True,1
NOTE-0223,NOTE-0223,leather,False,True,1
NOTE-0224,NOTE-0054,leather_accord,False,True,7
NOTE-0225,NOTE-0225,lemon,True,True,1
NOTE-0226,NOTE-0226,lemon_verbena,False,True,1
NOTE-0227,NOTE-0227,lemon_zest,False,True,1
NOTE-0228,NOTE-0228,lentisque,False,True,2
NOTE-0229,NOTE-0229,licorice,False,True,1
NOTE-0230,NOTE-0230,light_woods,False,True,1
NOTE-0231,NOTE-0231,lilac,False,True,1
NOTE-0232,NOTE-0232,lily,False,True,1
NOTE-0233,NOTE-0233,lily_of_the_valley,True,True,1
NOTE-0234,NOTE-0234,lime,False,True,1
NOTE-0235,NOTE-0235,limoncello,False,True,1
NOTE-0236,NOTE-0236,liquor,False,True,1
NOTE-0237,NOTE-0237,liquor_accord,False,True,1
NOTE-0238,NOTE-0238,litchi,False,True,1
NOTE-0239,NOTE-0239,lorenox,False,True,1
NOTE-0240,NOTE-0240,lotus,False,True,1
NOTE-0241,NOTE-0241,lotus_wood,False,True,1
NOTE-0242,NOTE-0242,mace,False,True,2
NOTE-0243,NOTE-0243,madagascar_pepper,False,True,1
NOTE-0244,NOTE-0244,madagascar_vanilla,False,True,1
NOTE-0245,NOTE-0245,magnolia,False,True,1
NOTE-0246,NOTE-0246,mandarin,False,True,2
NOTE-0247,NOTE-0247,mandarin_leaf,False,True,1
NOTE-0248,NOTE-0248,mandarin_orange,False,True,1
NOTE-0249,NOTE-0249,marine_notes,False,True,1
NOTE-0250,NOTE-0250,marjoram,False,True,1
NOTE-0251,NOTE-0251,marshmallow,False,True,1
NOTE-0252,NOTE-0252,mastic,False,True,1
NOTE-0253,NOTE-0253,mastic_or_lentisque,False,True,1
NOTE-0254,NOTE-0254,mate,False,True,2
NOTE-0255,NOTE-0255,may_rose,False,True,1
NOTE-0256,NOTE-0256,melon,False,True,1
NOTE-0257,NOTE-0257,metallic_notes,False,True,1
NOTE-0258,NOTE-0258,mexican_chocolate,False,True,1
NOTE-0259,NOTE-0259,mignonette,False,True,1
NOTE-0260,NOTE-0260,milk,False,True,1
NOTE-0261,NOTE-0261,milk_chocolate,False,True,1
NOTE-0262,NOTE-0262,mimosa,False,True,2
NOTE-0263,NOTE-0263,mineral_notes,False,True,1
NOTE-0264,NOTE-0264,mint,False,True,1
NOTE-0265,NOTE-0265,mixed_spices,False,True,1
NOTE-0266,NOTE-0266,mojito,False,True,1
NOTE-0267,NOTE-0267,moroccan_jasmine,False,True,1
NOTE-0268,NOTE-0268,moss,False,True,1
NOTE-0269,NOTE-0269,musk,True,True,1
NOTE-0270,NOTE-0270,myrhh,False,True,1
NOTE-0271,NOTE-0271,myrrh,False,True,3
NOTE-0272,NOTE-0272,myrtle,False,True,1
NOTE-0273,NOTE-0273,mysore_sandalwood,False,True,3
NOTE-0274,NOTE-0274,narcissus,False,True,1
NOTE-0275,NOTE-0275,neroli,False,True,5
NOTE-0276,NOTE-0276,night_blooming_cereus,False,True,1
NOTE-0277,NOTE-0277,nutmeg,False,True,2
NOTE-0278,NOTE-0278,oak,False,True,1
NOTE-0279,NOTE-0279,oak_moss,False,True,1
NOTE-0280,NOTE-0280,oakmoss,False,True,2
NOTE-0281,NOTE-0281,olibanum,False,True,2
NOTE-0282,NOTE-0282,olive_tree,False,True,1
NOTE-0283,NOTE-0283,opopanax,False,True,1
NOTE-0284,NOTE-0284,opoponax,True,True,1
NOTE-0285,NOTE-0285,orange,False,True,1
NOTE-0286,NOTE-0275,orange_blossom,False,True,5
NOTE-0287,NOTE-0287,orange_flower,False,True,1
NOTE-0288,NOTE-0288,orange_honey,False,True,1
NOTE-0289,NOTE-0289,orange_peel,False,True,1
NOTE-0290,NOTE-0290,orchid,False,True,1
NOTE-0291,NOTE-0291,oregano,False,True,1
NOTE-0292,NOTE-0292,orris,False,True,4
NOTE-0293,NOTE-0293,orris_root,False,True,1
NOTE-0294,NOTE-0294,osmanthus,False,True,1
NOTE-0295,NOTE-0295,oud,False,True,1
NOTE-0296,NOTE-0296,oud_accord,True,True,1
NOTE-0297,NOTE-0297,ozonic_notes,False,True,1
NOTE-0298,NOTE-0298,papaya,False,True,1
NOTE-0299,NOTE-0299,paprika,False,True,1
NOTE-0300,NOTE-0300,papyrus,False,True,1
NOTE-0301,NOTE-0301,patchouli,False,True,4
NOTE-0302,NOTE-0302,peach,False,True,2
NOTE-0303,NOTE-0303,pear,True,True,1
NOTE-0304,NOTE-0304,pear_blossom,False,True,1
NOTE-0305,NOTE-0305,pelargonium,False,True,1
NOTE-0306,NOTE-0306,peony,True,True,1
NOTE-0307,NOTE-0307,pepper,False,True,1
NOTE-0308,NOTE-0308,pepperwood,False,True,1
NOTE-0309,NOTE-0309,peru_balsam,True,True,1
NOTE-0310,NOTE-0310,petalia,False,True,1
NOTE-0311,NOTE-0311,petitgrain,False,True,2
NOTE-0312,NOTE-0312,pimento,False,True,1
NOTE-0313,NOTE-0313,pimento_berry,False,True,1
NOTE-0314,NOTE-0314,pine,False,True,1
NOTE-0315,NOTE-0315,pine_needles,False,True,1
NOTE-0316,NOTE-0316,pine_resin,False,True,1
NOTE-0317,NOTE-0317,pine_tree,False,True,1
NOTE-0318,NOTE-0318,pineapple,False,True,2
NOTE-0319,NOTE-0319,pink_pepper,True,True,1
NOTE-0320,NOTE-0320,plum,False,True,1
NOTE-0321,NOTE-0321,pomegranate,False,True,1
NOTE-0322,NOTE-0322,powdery_notes,False,True,1
NOTE-0323,NOTE-0323,praline,False,True,1
NOTE-0324,NOTE-0324,precious_woods,False,True,1
NOTE-0325,NOTE-0325,pure_oud,False,True,1
NOTE-0326,NOTE-0326,rangoon_creeper,False,True,1
NOTE-0327,NOTE-0327,raspberry,True,True,1
NOTE-0328,NOTE-0328,red_apple,False,True,1
NOTE-0329,NOTE-0329,red_berries,False,True,1
NOTE-0330,NOTE-0330,red_fruits,False,True,1
NOTE-0331,NOTE-0331,red_lily,False,True,1
NOTE-0332,NOTE-0332,red_pepper,False,True,1
NOTE-0333,NOTE-0333,red_pepper_berries,False,True,1
NOTE-0334,NOTE-0334,resin,False,True,1
NOTE-0335,NOTE-0335,resins,False,True,1
NOTE-0336,NOTE-0336,rhubarb,False,True,1
NOTE-0337,NOTE-0337,rhuburb,False,True,1
NOTE-0338,NOTE-0338,rose,True,True,1
NOTE-0339,NOTE-0339,rose_centifolia,False,True,1
NOTE-0340,NOTE-0340,rose_de_mai,False,True,1
NOTE-0341,NOTE-0341,rose_geranium_leaf,False,True,1
NOTE-0342,NOTE-0342,rose_oil,False,True,2
NOTE-0343,NOTE-0343,rose_petals,False,True,1
NOTE-0344,NOTE-0344,rosemary,True,True,1
NOTE-0345,NOTE-0345,rosewood,False,True,1
NOTE-0346,NOTE-0346,rum,False,True,2
NOTE-0347,NOTE-0347,rum_accord,False,True,1
NOTE-0348,NOTE-0348,russian_tea,False,True,1
NOTE-0349,NOTE-0349,saffron,True,True,1
NOTE-0350,NOTE-0350,sage,False,True,2
NOTE-0351,NOTE-0351,salt,False,True,1
NOTE-0352,NOTE-0352,sand,False,True,1
NOTE-0353,NOTE-0353,sandalowood,False,True,1
NOTE-0354,NOTE-0354,sandalwood,True,True,1
NOTE-0355,NOTE-0355,sea_notes,False,True,1
NOTE-0356,NOTE-0356,sea_salt,False,True,1
NOTE-0357,NOTE-0357,sea_salt_accord,False,True,1
NOTE-0358,NOTE-0358,sea_spray_accord,False,True,1
NOTE-0359,NOTE-0359,sea_water,False,True,1
NOTE-0360,NOTE-0360,seaweed,False,True,2
NOTE-0361,NOTE-0361,seaweed_accord,False,True,1
NOTE-0362,NOTE-0362,sesame,False,True,1
NOTE-0363,NOTE-0363,siam_benzoin,False,True,2
NOTE-0364,NOTE-0364,sichuan_pepper,False,True,1
NOTE-0365,NOTE-0365,sicilian_lemon,False,True,1
NOTE-0366,NOTE-0366,sicilian_orange,False,True,1
NOTE-0367,NOTE-0367,silk_tree_blossom,False,True,1
NOTE-0368,NOTE-0368,smoke,False,True,1
NOTE-0369,NOTE-0369,soft_woods,False,True,1
NOTE-0370,NOTE-0370,soil_tincture,False,True,1
NOTE-0371,NOTE-0371,spice,False,True,1
NOTE-0372,NOTE-0372,spices,False,True,1
NOTE-0373,NOTE-0373,spicy_notes,False,True,1
NOTE-0374,NOTE-0374,star_anise,False,True,1
NOTE-0375,NOTE-0375,strawberry,True,True,1
NOTE-0376,NOTE-0376,styrax,False,True,3
NOTE-0377,NOTE-0377,suede,False,True,1
NOTE-0378,NOTE-0378,suede_accord,False,True,1
NOTE-0379,NOTE-0379,sugar,False,True,1
NOTE-0380,NOTE-0380,sweet_orange,False,True,1
NOTE-0381,NOTE-0381,sweet_pea,False,True,1
NOTE-0382,NOTE-0382,tahitian_vetiver,False,True,1
NOTE-0383,NOTE-0383,tangerine,False,True,1
NOTE-0384,NOTE-0384,tarragon,False,True,1
NOTE-0385,NOTE-0385,tea,False,True,1
NOTE-0386,NOTE-0386,terrae_accord,False,True,1
NOTE-0387,NOTE-0387,texas_cedar,False,True,1
NOTE-0388,NOTE-0388,thyme,False,True,2
NOTE-0389,NOTE-0389,tiare_flower,False,True,1
NOTE-0390,NOTE-0390,tobacco,False,True,2
NOTE-0391,NOTE-0391,tobacco_blossom,False,True,1
NOTE-0392,NOTE-0392,tobacco_leaf,False,True,1
NOTE-0393,NOTE-0393,toffee,False,True,1
NOTE-0394,NOTE-0394,toffee_accord,False,True,1
NOTE-0395,NOTE-0395,tolu_balsam,True,True,1
NOTE-0396,NOTE-0396,tomato,False,True,1
NOTE-0397,NOTE-0397,tomato_leaf,False,True,2
NOTE-0398,NOTE-0398,tonka,False,True,1
NOTE-0399,NOTE-0399,tonka_bean,True,True,1
NOTE-0400,NOTE-0400,tropical_fruits,False,True,1
NOTE-0401,NOTE-0401,truffle,False,True,1
NOTE-0402,NOTE-0402,tuberose,False,True,2
NOTE-0403,NOTE-0403,tunisian_neroli,False,True,1
NOTE-0404,NOTE-0275,tunisian_orange_blossom,False,True,5
NOTE-0405,NOTE-0405,turkish_coffee_accord,False,True,1
NOTE-0406,NOTE-0406,turkish_rose,False,True,1
NOTE-0407,NOTE-0407,vanilla,True,True,1
NOTE-0408,NOTE-0408,vanilla_absolute,True,True,1
NOTE-0409,NOTE-0409,vanilla_bean,False,True,1
NOTE-0410,NOTE-0410,vanilla_flower,False,True,1
NOTE-0411,NOTE-0411,vanilla_like_woods,False,True,1
NOTE-0412,NOTE-0412,vanilla_orchid,False,True,1
NOTE-0413,NOTE-0413,vanille,False,True,1
NOTE-0414,NOTE-0414,verbena,False,True,1
NOTE-0415,NOTE-0415,vervain,False,True,1
NOTE-0416,NOTE-0066,vetiver,False,True,3
NOTE-0417,NOTE-0417,vetyver,False,True,1
NOTE-0418,NOTE-0418,violet,True,True,1
NOTE-0419,NOTE-0419,violet_accord,False,True,1
NOTE-0420,NOTE-0420,violet_leaf,True,True,1
NOTE-0421,NOTE-0421,violet_leaves,False,True,1
NOTE-0422,NOTE-0422,virginia_cedar,False,True,1
NOTE-0423,NOTE-0423,vodka,False,True,1
NOTE-0424,NOTE-0424,water_lily,False,True,1
NOTE-0425,NOTE-0425,water_notes,False,True,1
NOTE-0426,NOTE-0426,watery_notes,False,True,1
NOTE-0427,NOTE-0427,whiskey,False,True,1
NOTE-0428,NOTE-0428,whiskey_accord,False,True,1
NOTE-0429,NOTE-0429,whisky_accord,False,True,1
NOTE-0430,NOTE-0430,white_amber,False,True,1
NOTE-0431,NOTE-0431,white_florals,False,True,1
NOTE-0432,NOTE-0432,white_flowers,False,True,1
NOTE-0433,NOTE-0433,white_honey,False,True,1
NOTE-0434,NOTE-0434,white_musk,True,True,1
NOTE-0435,NOTE-0435,white_musks,False,True,1
NOTE-0436,NOTE-0436,white_pepper,False,True,1
NOTE-0437,NOTE-0437,white_woods,False,True,1
NOTE-0438,NOTE-0438,wild_herbs,False,True,1
NOTE-0439,NOTE-0439,wildflowers,False,True,1
NOTE-0440,NOTE-0440,wood,False,True,1
NOTE-0441,NOTE-0441,woods,False,True,1
NOTE-0442,NOTE-0442,woodsy_notes,False,True,1
NOTE-0443,NOTE-0443,woody_notes,False,True,1
NOTE-0444,NOTE-0444,wormwood,False,True,1
NOTE-0445,NOTE-0445,ylang_ylang,False,True,2
NOTE-0446,NOTE-0446,yuzu,False,True,1
NOTE-0447,NOTE-0447,lavender_absolute,True,False,1
NOTE-0448,NOTE-0221,lavandin_oil,True,False,2
NOTE-0449,NOTE-0449,bergamot_oil,True,False,1
NOTE-0450,NOTE-0064,geranium_oil,True,False,3
NOTE-0451,NOTE-0451,clary_sage_oil,True,False,1
NOTE-0452,NOTE-0280,oakmoss_absolute,True,False,2
NOTE-0453,NOTE-0066,vetiver_haiti,True,False,3
NOTE-0454,NOTE-0454,cedarwood_atlas,True,False,1
NOTE-0455,NOTE-0455,labdanum_absolute,True,False,1
NOTE-0456,NOTE-0456,vanillin,True,False,1
NOTE-0457,NOTE-0363,benzoin_siam,True,False,2
NOTE-0458,NOTE-0301,patchouli_alcohol,True,False,4
NOTE-0459,NOTE-0459,cedarwood_virginia,True,False,1
NOTE-0460,NOTE-0460,vetiveryl_acetate,True,False,1
NOTE-0461,NOTE-0461,sandalore,True,False,1
NOTE-0462,NOTE-0054,patchouli_coeur,True,False,7
NOTE-0463,NOTE-0463,evernyl,True,False,1
NOTE-0464,NOTE-0464,aldehyde_c_12_mna,True,False,1
NOTE-0465,NOTE-0465,musk_ketone,True,False,1
NOTE-0466,NOTE-0054,black_tea_absolute,True,False,7
NOTE-0467,NOTE-0254,mate_absolute,True,False,2
NOTE-0468,NOTE-0190,hay_absolute,True,False,2
NOTE-0469,NOTE-0165,frankincense_co2,True,False,3
NOTE-0470,NOTE-0271,myrrh_absolute,True,False,3
NOTE-0471,NOTE-0471,birch_tar_rectified,True,False,1
NOTE-0472,NOTE-0472,guaiac_wood_oil,True,False,1
NOTE-0473,NOTE-0473,ambergris_accord,True,False,1
NOTE-0474,NOTE-0474,aldehyde_c_11,True,False,1
NOTE-0475,NOTE-0360,seaweed_absolute,True,False,2
NOTE-0476,NOTE-0476,habanolide,True,False,1
NOTE-0477,NOTE-0477,galbanum_resin,True,False,1
NOTE-0478,NOTE-0154,elemi_resin,True,False,2
NOTE-0479,NOTE-0228,lentisque_absolute,True,False,2
NOTE-0480,NOTE-0480,violet_leaf_absolute,True,False,1
NOTE-0481,NOTE-0292,orris_concrete,True,False,4
NOTE-0482,NOTE-0482,rice_powder_accord,True,False,1
NOTE-0483,NOTE-0262,mimosa_absolute,True,False,2
NOTE-0484,NOTE-0484,heliotropin,True,False,1
NOTE-0485,NOTE-0485,isobutyl_quinoline,True,False,1
NOTE-0486,NOTE-0486,geosmin_trace,True,False,1
NOTE-0487,NOTE-0081,cardamom_co2,True,False,3
NOTE-0488,NOTE-0488,pink_pepper_co2,True,False,1
NOTE-0489,NOTE-0489,aldehyde_c_10,True,False,1
NOTE-0490,NOTE-0490,lemon_oil,True,False,1
NOTE-0491,NOTE-0311,petitgrain_oil,True,False,2
NOTE-0492,NOTE-0492,jasmine_absolute,True,False,1
NOTE-0493,NOTE-0275,orange_blossom_absolute,True,False,5
NOTE-0494,NOTE-0445,ylang_ylang_extra,True,False,2
NOTE-0495,NOTE-0495,ethyl_maltol,True,False,1
NOTE-0496,NOTE-0496,tonka_bean_absolute,True,False,1
NOTE-0497,NOTE-0497,calone,True,False,1
NOTE-0498,NOTE-0498,dihydromyrcenol,True,False,1
NOTE-0499,NOTE-0499,lavender_oil,True,False,1
NOTE-0500,NOTE-0500,phenyl_ethyl_alcohol,True,False,1
NOTE-0501,NOTE-0342,rose_absolute,True,False,2
NOTE-0502,NOTE-0502,geraniol,True,False,1
NOTE-0503,NOTE-0503,citronellol,True,False,1
NOTE-0504,NOTE-0504,damascenone,True,False,1
NOTE-0505,NOTE-0505,galaxolide,True,False,1
NOTE-0506,NOTE-0506,helvetolide,True,False,1
NOTE-0507,NOTE-0507,ambrettolide,True,False,1
NOTE-0508,NOTE-0508,ethylene_brassylate,True,False,1
NOTE-0509,NOTE-0509,linalool,True,False,1
NOTE-0510,NOTE-0510,linalyl_acetate,True,False,1
NOTE-0511,NOTE-0511,gamma_undecalactone,True,False,1
NOTE-0512,NOTE-0512,cinnamon_bark_oil,True,False,1
NOTE-0513,NOTE-0513,clove_bud_oil,True,False,1
NOTE-0514,NOTE-0277,nutmeg_oil,True,False,2
NOTE-0515,NOTE-0515,patchouli_heart,True,False,1
NOTE-0516,NOTE-0054,castoreum_replacer,True,False,7
NOTE-0517,NOTE-0158,fig_leaf_accord,True,False,3
NOTE-0518,NOTE-0124,coconut_lactone,True,False,3
NOTE-0519,NOTE-0390,tobacco_absolute,True,False,2
NOTE-0520,NOTE-0520,honey_accord,True,False,1
NOTE-0521,NOTE-0521,peppermint_oil,True,False,1
NOTE-0522,NOTE-0522,menthol_crystals,True,False,1
NOTE-0523,NOTE-0523,eucalyptol,True,False,1
NOTE-0524,NOTE-0524,benzyl_salicylate,True,False,1
NOTE-0525,NOTE-0525,cypriol_oil,True,False,1
NOTE-0526,NOTE-0526,grapefruit_oil,True,False,1
NOTE-0527,NOTE-0292,orris_butter,True,False,4
NOTE-0528,NOTE-0528,iris_aldehyde,True,False,1
NOTE-0529,NOTE-0529,carrot_seed_oil,True,False,1
NOTE-0530,NOTE-0275,neroli_oil,True,False,5
NOTE-0531,NOTE-0531,hexyl_acetate,True,False,1
NOTE-0532,NOTE-0158,cis_3_hexenol,True,False,3
NOTE-0533,NOTE-0533,aldehyde_c_6,True,False,1
NOTE-0534,NOTE-0534,ionone_alpha,True,False,1
NOTE-0535,NOTE-0535,rosemary_oil,True,False,1
NOTE-0536,NOTE-0536,benzaldehyde,True,False,1
NOTE-0537,NOTE-0053,pepper_black,True,False,3
NOTE-0538,NOTE-0538,ethyl_vanillin,True,False,1
NOTE-0539,NOTE-0539,frankincense_resin,True,False,1
NOTE-0540,NOTE-0540,aldehyde_c_12_lauric,True,False,1
NOTE-0541,NOTE-0541,rose_oxide,True,False,1
NOTE-0542,NOTE-0123,coffee_absolute,True,False,4
NOTE-0543,NOTE-0543,pyrazine_accord,True,False,1
NOTE-0544,NOTE-0123,cocoa_absolute,True,False,4
NOTE-0545,NOTE-0157,benzyl_alcohol,True,False,2
NOTE-0546,NOTE-0105,cinnamon_leaf_oil,True,False,2
NOTE-0547,NOTE-0547,cinnamyl_alcohol,True,False,1
NOTE-0548,NOTE-0119,clove_oil,True,False,3
NOTE-0549,NOTE-0172,ginger_co2,True,False,3
NOTE-0550,NOTE-0081,cardamom_oil,True,False,3
NOTE-0551,NOTE-0318,ethyl_butyrate,True,False,2
NOTE-0552,NOTE-0119,eugenol,True,False,3
NOTE-0553,NOTE-0242,mace_oil,True,False,2
NOTE-0554,NOTE-0053,black_pepper_oil,True,False,3
NOTE-0555,NOTE-0555,saffron_accord,True,False,1
NOTE-0556,NOTE-0556,suederal,True,False,1
NOTE-0557,NOTE-0036,basil_oil,True,False,4
NOTE-0558,NOTE-0388,thyme_oil,True,False,2
NOTE-0559,NOTE-0559,cumin_seed_oil,True,False,1
NOTE-0560,NOTE-0130,coriander_seed_oil,True,False,2
NOTE-0561,NOTE-0561,ozonic_accord,True,False,1
NOTE-0562,NOTE-0036,green_tea_absolute,True,False,4
NOTE-0563,NOTE-0563,milk_lactone,True,False,1
NOTE-0564,NOTE-0564,rice_accord,True,False,1
NOTE-0565,NOTE-0565,violet_ionone,True,False,1
NOTE-0566,NOTE-0346,rum_co2_extract,True,False,2
NOTE-0567,NOTE-0567,oakwood_extract,True,False,1
NOTE-0568,NOTE-0397,tomato_leaf_accord,True,False,2
NOTE-0569,NOTE-0569,civet_replacer,True,False,1
NOTE-0570,NOTE-0570,costus_root,True,False,1
NOTE-0571,NOTE-0281,olibanum_co2,True,False,2
NOTE-0572,NOTE-0572,guaiacol,True,False,1
NOTE-0573,NOTE-0376,styrax_resin,True,False,3
NOTE-0574,NOTE-0197,honey_absolute,True,False,2
NOTE-0575,NOTE-0038,beeswax_absolute,True,False,2
NOTE-0576,NOTE-0576,ash_accord,True,False,1
NOTE-0577,NOTE-0577,wormwood_accord,True,False,1
NOTE-0578,NOTE-0273,sandalwood_mysore,True,False,3
NOTE-0579,NOTE-0579,birch_tar_low,True,False,1
NOTE-0580,NOTE-0580,cinnamon_bark,True,False,1
NOTE-0581,NOTE-0581,iris_butter,True,False,1
NOTE-0582,NOTE-0582,aldehyde_c_12,True,False,1
NOTE-0583,NOTE-0583,cade_oil_low,True,False,1
NOTE-0584,NOTE-0584,apple_accord,True,False,1
NOTE-0585,NOTE-0301,patchouli_absolute,True,False,4
NOTE-0586,NOTE-0213,vetiver_java,True,False,2
NOTE-0587,NOTE-0587,cannabis_accord,True,False,1
NOTE-0588,NOTE-0588,blackcurrant_bud,True,False,1
NOTE-0589,NOTE-0589,hemp_accord,True,False,1
NOTE-0590,NOTE-0590,mushroom_accord,True,False,1
NOTE-0591,NOTE-0591,geosmin_accord,True,False,1
NOTE-0592,NOTE-0592,pear_accord,True,False,1
NOTE-0593,NOTE-0593,ethyl_maltol_low,True,False,1
NOTE-0594,NOTE-0179,green_mango_accord,True,False,3
NOTE-0595,NOTE-0595,plum_accord,True,False,1
NOTE-0596,NOTE-0596,davana_oil,True,False,1
NOTE-0597,NOTE-0597,peach_lactone,True,False,1
NOTE-0598,NOTE-0598,apricot_accord,True,False,1
NOTE-0599,NOTE-0599,raspberry_ketone,True,False,1
NOTE-0600,NOTE-0600,passionfruit_accord,True,False,1
NOTE-0601,NOTE-0601,pineapple_accord,True,False,1
NOTE-0602,NOTE-0602,mango_accord,True,False,1
NOTE-0603,NOTE-0603,fig_accord,True,False,1
NOTE-0604,NOTE-0301,patchouli_oil,True,False,4
NOTE-0605,NOTE-0605,safraleine,True,False,1
NOTE-0606,NOTE-0376,styrax_resinoid,True,False,3
NOTE-0607,NOTE-0054,oud_synthetic,True,False,7
NOTE-0608,NOTE-0608,tonalid,True,False,1
NOTE-0609,NOTE-0609,muscone,True,False,1
NOTE-0610,NOTE-0610,civetone,True,False,1
NOTE-0611,NOTE-0090,castoreum_absolute,True,False,2
NOTE-0612,NOTE-0104,cinnamon_oil,True,False,2
NOTE-0613,NOTE-0165,frankincense_oil,True,False,3
NOTE-0614,NOTE-0271,myrrh_resinoid,True,False,3
NOTE-0615,NOTE-0615,costus_oil,True,False,1
NOTE-0616,NOTE-0019,ambrette_seed_oil,True,False,2
NOTE-0617,NOTE-0617,muscenone,True,False,1
NOTE-0618,NOTE-0618,egg_accord,True,False,1
NOTE-0619,NOTE-0619,caramel_accord,True,False,1
NOTE-0620,NOTE-0620,almond_accord,True,False,1
NOTE-0621,NOTE-0621,butter_accord,True,False,1
NOTE-0622,NOTE-0622,burnt_sugar_accord,True,False,1
NOTE-0623,NOTE-0141,cypriol_nagarmotha,True,False,2
NOTE-0624,NOTE-0624,castoreum_accord,True,False,1
NOTE-0625,NOTE-0625,violet_ionones,True,False,1
NOTE-0626,NOTE-0626,oakmoss_low,True,False,1
NOTE-0627,NOTE-0292,orris_resinoid,True,False,4
NOTE-0628,NOTE-0628,sugar_accord,True,False,1
NOTE-0629,NOTE-0629,powdery_musk,True,False,1
NOTE-0630,NOTE-0630,timberol,True,False,1
NOTE-0631,NOTE-0631,cetalox,True,False,1
NOTE-0632,NOTE-0273,sandalwood_oil,True,False,3
NOTE-0633,NOTE-0633,georgywood,True,False,1
NOTE-0634,NOTE-0634,pink_pepper_oil,True,False,1
NOTE-0635,NOTE-0172,ginger_oil,True,False,3
NOTE-0636,NOTE-0350,sage_oil,True,False,2
NOTE-0637,NOTE-0637,galbanum_oil,True,False,1
NOTE-0638,NOTE-0054,fig_leaf_base,True,False,7
NOTE-0639,NOTE-0639,helional,True,False,1
NOTE-0640,NOTE-0640,melonal,True,False,1
NOTE-0641,NOTE-0641,ambrocenide,True,False,1
NOTE-0642,NOTE-0642,caramel_note,True,False,1
NOTE-0643,NOTE-0643,iris_absolute,True,False,1
NOTE-0644,NOTE-0644,veramoss,True,False,1
NOTE-0645,NOTE-0402,tuberose_absolute,True,False,2
NOTE-0646,NOTE-0646,gardenia_accord,True,False,1
NOTE-0647,NOTE-0647,phenethyl_alcohol,True,False,1
NOTE-0648,NOTE-0648,ionone_beta,True,False,1
NOTE-0649,NOTE-0649,methyl_ionone,True,False,1
NOTE-0650,NOTE-0650,kephalis,True,False,1
NOTE-0651,NOTE-0651,floralozone,True,False,1
NOTE-0652,NOTE-0652,aquozone,True,False,1
NOTE-0653,NOTE-0653,indole,True,False,1
NOTE-0654,NOTE-0246,mandarin_oil,True,False,2
NOTE-0655,NOTE-0302,aldehyde_c_14,True,False,2
NOTE-0656,NOTE-0656,apple_lactone,True,False,1
NOTE-0657,NOTE-0657,maltol,True,False,1
NOTE-0658,NOTE-0658,maple_lactone,True,False,1
NOTE-0659,NOTE-0659,javanol,True,False,1
NOTE-0660,NOTE-0660,bacdanol,True,False,1
NOTE-0661,NOTE-0661,romandolide,True,False,1
NOTE-0662,NOTE-0662,anisaldehyde,True,False,1
NOTE-0663,NOTE-0124,aldehyde_c_18,True,False,3
NOTE-0664,NOTE-0664,gamma_nonalactone,True,False,1
NOTE-0665,NOTE-0665,benzyl_acetate,True,False,1
NOTE-0666,NOTE-0666,exaltolide,True,False,1
NOTE-0667,NOTE-0667,phenylacetic_acid,True,False,1
NOTE-0668,NOTE-0668,aldehyde_c10,False,False,1
NOTE-0669,NOTE-0669,aldehyde_c11,False,False,1
NOTE-0670,NOTE-0670,aldehyde_c12_lauric,False,False,1
NOTE-0671,NOTE-0671,aldehyde_c12_mna,False,False,1
NOTE-0672,NOTE-0672,aldehyde_c13,False,False,1
NOTE-0673,NOTE-0673,aldehyde_c14,False,False,1
NOTE-0674,NOTE-0674,aldehyde_c14_peach,False,False,1
NOTE-0675,NOTE-0675,aldehyde_c16_strawberry,False,False,1
NOTE-0676,NOTE-0676,aldehyde_c18,False,False,1
NOTE-0677,NOTE-0677,aldehyde_c18_coconut,False,False,1
NOTE-0678,NOTE-0678,aldehyde_c_7,False,False,1
NOTE-0679,NOTE-0679,aldehyde_c_8,False,False,1
NOTE-0680,NOTE-0680,aldehyde_c_9,False,False,1
NOTE-0681,NOTE-0681,aldehydes_c10,False,False,1
NOTE-0682,NOTE-0682,aldehydes_c11,False,False,1
NOTE-0683,NOTE-0683,aldehydes_c12_mna,False,False,1
NOTE-0684,NOTE-0684,allspice_oil,False,False,1
NOTE-0685,NOTE-0685,allyl_amyl_glycolate,False,False,1
NOTE-0686,NOTE-0686,alpha_ionone,False,False,1
NOTE-0687,NOTE-0687,amber_seed,False,False,1
NOTE-0688,NOTE-0688,amber_xtreme,False,False,1
NOTE-0689,NOTE-0689,ambergris_replacer,False,False,1
NOTE-0690,NOTE-0690,ambergris_tincture,False,False,1
NOTE-0691,NOTE-0691,amberlyn,False,False,1
NOTE-0692,NOTE-0692,ambermarine_base,False,False,1
NOTE-0693,NOTE-0693,ambermax,False,False,1
NOTE-0694,NOTE-0694,ambrein,False,False,1
NOTE-0695,NOTE-0695,amyris_oil,False,False,1
NOTE-0696,NOTE-0696,anethole,False,False,1
NOTE-0697,NOTE-0697,angelica_root,False,False,1
NOTE-0698,NOTE-0698,anisyl_alcohol,False,False,1
NOTE-0699,NOTE-0699,apricot_lactone,False,False,1
NOTE-0700,NOTE-0700,artemisia_oil,False,False,1
NOTE-0701,NOTE-0701,atlas_cedrol,False,False,1
NOTE-0702,NOTE-0702,australian_sandalwood,False,False,1
NOTE-0703,NOTE-0703,bay_leaf_oil,False,False,1
NOTE-0704,NOTE-0704,bay_oil,False,False,1
NOTE-0705,NOTE-0705,benzoin_sumatra,False,False,1
NOTE-0706,NOTE-0706,benzyl_benzoate,False,False,1
NOTE-0707,NOTE-0707,bergamot_oil_fcf,False,False,1
NOTE-0708,NOTE-0708,beta_ionone,False,False,1
NOTE-0709,NOTE-0709,bitter_orange_oil,False,False,1
NOTE-0710,NOTE-0710,blood_orange_oil,False,False,1
NOTE-0711,NOTE-0711,bois_de_rose,False,False,1
NOTE-0712,NOTE-0712,boisambrene_forte,False,False,1
NOTE-0713,NOTE-0713,boisiris,False,False,1
NOTE-0714,NOTE-0714,bourgeonal,False,False,1
NOTE-0715,NOTE-0715,bulgarian_rose_otto,False,False,1
NOTE-0716,NOTE-0716,calamansi_oil,False,False,1
NOTE-0717,NOTE-0717,camphor,False,False,1
NOTE-0718,NOTE-0718,carrot_seed,False,False,1
NOTE-0719,NOTE-0719,cashmeran_high_purity,False,False,1
NOTE-0720,NOTE-0720,cassis_absolute,False,False,1
NOTE-0721,NOTE-0721,cedramber,False,False,1
NOTE-0722,NOTE-0722,champaca_absolute,False,False,1
NOTE-0723,NOTE-0723,cherry,False,False,1
NOTE-0724,NOTE-0724,cinnamaldehyde,False,False,1
NOTE-0725,NOTE-0725,cis_3_hexenyl_acetate,False,False,1
NOTE-0726,NOTE-0726,cis_3_hexenyl_butyrate,False,False,1
NOTE-0727,NOTE-0727,cis_jasmone,False,False,1
NOTE-0728,NOTE-0728,cistus_oil,False,False,1
NOTE-0729,NOTE-0729,citral,False,False,1
NOTE-0730,NOTE-0730,citron_oil,False,False,1
NOTE-0731,NOTE-0731,citronella,False,False,1
NOTE-0732,NOTE-0732,citronellyl_acetate,False,False,1
NOTE-0733,NOTE-0733,civet_absolute,False,False,1
NOTE-0734,NOTE-0734,civet_synthetic,False,False,1
NOTE-0735,NOTE-0735,civettone,False,False,1
NOTE-0736,NOTE-0736,clearwood,False,False,1
NOTE-0737,NOTE-0737,clementine_oil,False,False,1
NOTE-0738,NOTE-0738,costus,False,False,1
NOTE-0739,NOTE-0739,coumarin_refined,False,False,1
NOTE-0740,NOTE-0740,coumarone,False,False,1
NOTE-0741,NOTE-0741,cyclamen_aldehyde,False,False,1
NOTE-0742,NOTE-0742,cyclotene,False,False,1
NOTE-0743,NOTE-0743,cypress_oil,False,False,1
NOTE-0744,NOTE-0744,cypriol_oil_nagarmotha,False,False,1
NOTE-0745,NOTE-0745,damascenol,False,False,1
NOTE-0746,NOTE-0746,damask_rose_oil,False,False,1
NOTE-0747,NOTE-0747,deertongue,False,False,1
NOTE-0748,NOTE-0748,ebanol,False,False,1
NOTE-0749,NOTE-0749,elemi_oil,False,False,1
NOTE-0750,NOTE-0750,estragole,False,False,1
NOTE-0751,NOTE-0751,eucalyptus_oil,False,False,1
NOTE-0752,NOTE-0752,eugenyl_acetate,False,False,1
NOTE-0753,NOTE-0753,fenugreek,False,False,1
NOTE-0754,NOTE-0754,fenugreek_absolute,False,False,1
NOTE-0755,NOTE-0755,finger_lime_oil,False,False,1
NOTE-0756,NOTE-0756,fir_balsam,False,False,1
NOTE-0757,NOTE-0757,fir_balsam_absolute,False,False,1
NOTE-0758,NOTE-0758,fir_needle_oil,False,False,1
NOTE-0759,NOTE-0759,fixolide,False,False,1
NOTE-0760,NOTE-0760,florhydral,False,False,1
NOTE-0761,NOTE-0761,florol,False,False,1
NOTE-0762,NOTE-0762,frangipani_absolute,False,False,1
NOTE-0763,NOTE-0763,furaneol,False,False,1
NOTE-0764,NOTE-0764,galbanol,False,False,1
NOTE-0765,NOTE-0765,gardenia_absolute,False,False,1
NOTE-0766,NOTE-0766,geranyl_acetate,False,False,1
NOTE-0767,NOTE-0767,guaiacwood,False,False,1
NOTE-0768,NOTE-0768,hay_lactone,False,False,1
NOTE-0769,NOTE-0769,hedione_hc,False,False,1
NOTE-0770,NOTE-0770,heliotrope_absolute,False,False,1
NOTE-0771,NOTE-0771,hinoki,False,False,1
NOTE-0772,NOTE-0772,hydroxycitronellal,False,False,1
NOTE-0773,NOTE-0773,hyssop_oil,False,False,1
NOTE-0774,NOTE-0774,iris_orris,False,False,1
NOTE-0775,NOTE-0775,irone_alpha,False,False,1
NOTE-0776,NOTE-0776,irone_beta,False,False,1
NOTE-0777,NOTE-0777,iso_e_super_plus,False,False,1
NOTE-0778,NOTE-0778,isoamyl_acetate,False,False,1
NOTE-0779,NOTE-0779,isoeugenol,False,False,1
NOTE-0780,NOTE-0780,isopropyl_cresol,False,False,1
NOTE-0781,NOTE-0781,jasmine_lactone,False,False,1
NOTE-0782,NOTE-0782,java_vetiver,False,False,1
NOTE-0783,NOTE-0783,juniper_berry,False,False,1
NOTE-0784,NOTE-0784,juniper_berry_oil,False,False,1
NOTE-0785,NOTE-0785,juniper_tar,False,False,1
NOTE-0786,NOTE-0786,kaffir_lime_leaf_oil,False,False,1
NOTE-0787,NOTE-0787,kiwi_accord_base,False,False,1
NOTE-0788,NOTE-0788,labdanum_resin,False,False,1
NOTE-0789,NOTE-0789,lactonic_aldehyde,False,False,1
NOTE-0790,NOTE-0790,lemon_oil_expressed,False,False,1
NOTE-0791,NOTE-0791,lemongrass,False,False,1
NOTE-0792,NOTE-0792,lemongrass_oil,False,False,1
NOTE-0793,NOTE-0793,lilial,False,False,1
NOTE-0794,NOTE-0794,lilial_butylphenyl_methylpropional,False,False,1
NOTE-0795,NOTE-0795,lime_oil,False,False,1
NOTE-0796,NOTE-0796,lime_oil_distilled,False,False,1
NOTE-0797,NOTE-0797,limonene,False,False,1
NOTE-0798,NOTE-0798,litsea_cubeba_oil,False,False,1
NOTE-0799,NOTE-0799,lotus_absolute,False,False,1
NOTE-0800,NOTE-0800,lyral,False,False,1
NOTE-0801,NOTE-0801,magnolia_absolute,False,False,1
NOTE-0802,NOTE-0802,mango_lactone,False,False,1
NOTE-0803,NOTE-0803,methyl_anthranilate,False,False,1
NOTE-0804,NOTE-0804,methyl_anthranilate_natural,False,False,1
NOTE-0805,NOTE-0805,methyleugenol,False,False,1
NOTE-0806,NOTE-0806,mint_oil,False,False,1
NOTE-0807,NOTE-0807,musk_synthetic,False,False,1
NOTE-0808,NOTE-0808,musk_xylene,False,False,1
NOTE-0809,NOTE-0809,myristicin,False,False,1
NOTE-0810,NOTE-0810,myrrh_oil,False,False,1
NOTE-0811,NOTE-0811,myrrh_resin,False,False,1
NOTE-0812,NOTE-0812,nagarmotha,False,False,1
NOTE-0813,NOTE-0813,narcissus_absolute,False,False,1
NOTE-0814,NOTE-0814,nerol,False,False,1
NOTE-0815,NOTE-0815,nerol_acetate,False,False,1
NOTE-0816,NOTE-0816,nirvanolide,False,False,1
NOTE-0817,NOTE-0817,norlimbanol,False,False,1
NOTE-0818,NOTE-0818,oakwood_absolute,False,False,1
NOTE-0819,NOTE-0819,okoumal,False,False,1
NOTE-0820,NOTE-0820,olibanum_oil,False,False,1
NOTE-0821,NOTE-0821,olibanum_resinoid,False,False,1
NOTE-0822,NOTE-0822,oolong_tea_absolute,False,False,1
NOTE-0823,NOTE-0823,opoponax_resin,False,False,1
NOTE-0824,NOTE-0824,orange_oil_sweet,False,False,1
NOTE-0825,NOTE-0825,orcanox,False,False,1
NOTE-0826,NOTE-0826,orris_absolute,False,False,1
NOTE-0827,NOTE-0827,osmanthus_absolute,False,False,1
NOTE-0828,NOTE-0828,palo_santo,False,False,1
NOTE-0829,NOTE-0829,palo_santo_oil,False,False,1
NOTE-0830,NOTE-0830,papyrus_oil,False,False,1
NOTE-0831,NOTE-0831,passionfruit_sulfide,False,False,1
NOTE-0832,NOTE-0832,patchouli_light,False,False,1
NOTE-0833,NOTE-0833,peach_aldehyde,False,False,1
NOTE-0834,NOTE-0834,petitgrain_bigarade,False,False,1
NOTE-0835,NOTE-0835,phantolide,False,False,1
NOTE-0836,NOTE-0836,phenethyl_acetate,False,False,1
NOTE-0837,NOTE-0837,phenyl_ethyl_acetate,False,False,1
NOTE-0838,NOTE-0838,pine_needle_oil,False,False,1
NOTE-0839,NOTE-0839,pine_tar,False,False,1
NOTE-0840,NOTE-0840,piperonal,False,False,1
NOTE-0841,NOTE-0841,polysantol,False,False,1
NOTE-0842,NOTE-0842,pomelo_oil,False,False,1
NOTE-0843,NOTE-0843,rice_steam_note,False,False,1
NOTE-0844,NOTE-0844,roasted_barley,False,False,1
NOTE-0845,NOTE-0845,safflower,False,False,1
NOTE-0846,NOTE-0846,safranal,False,False,1
NOTE-0847,NOTE-0847,safrole,False,False,1
NOTE-0848,NOTE-0848,sambac_jasmine,False,False,1
NOTE-0849,NOTE-0849,serenolide,False,False,1
NOTE-0850,NOTE-0850,skatole,False,False,1
NOTE-0851,NOTE-0851,sotolone,False,False,1
NOTE-0852,NOTE-0852,spearmint_oil,False,False,1
NOTE-0853,NOTE-0853,spruce_oil,False,False,1
NOTE-0854,NOTE-0854,stemone,False,False,1
NOTE-0855,NOTE-0855,strawberry_furanone,False,False,1
NOTE-0856,NOTE-0856,sudachi_oil,False,False,1
NOTE-0857,NOTE-0857,sweet_orange_oil,False,False,1
NOTE-0858,NOTE-0858,sylkolide,False,False,1
NOTE-0859,NOTE-0859,tarragon_oil,False,False,1
NOTE-0860,NOTE-0860,tea_absolute,False,False,1
NOTE-0861,NOTE-0861,tea_tree,False,False,1
NOTE-0862,NOTE-0862,texas_cedarwood,False,False,1
NOTE-0863,NOTE-0863,timber_silk,False,False,1
NOTE-0864,NOTE-0864,timberone,False,False,1
NOTE-0865,NOTE-0865,toasted_sugar,False,False,1
NOTE-0866,NOTE-0866,tonalide,False,False,1
NOTE-0867,NOTE-0867,tree_moss,False,False,1
NOTE-0868,NOTE-0868,turkish_rose_absolute,False,False,1
NOTE-0869,NOTE-0869,undecavertol,False,False,1
NOTE-0870,NOTE-0870,vanillyl_acetate,False,False,1
NOTE-0871,NOTE-0871,vanitrope,False,False,1
NOTE-0872,NOTE-0872,velvione,False,False,1
NOTE-0873,NOTE-0873,veratraldehyde,False,False,1
NOTE-0874,NOTE-0874,vertofix,False,False,1
NOTE-0875,NOTE-0875,vertofix_coeur,False,False,1
NOTE-0876,NOTE-0876,vertoflor,False,False,1
NOTE-0877,NOTE-0877,vetiver_oil,False,False,1
NOTE-0878,NOTE-0878,violet_leaf_alcohol,False,False,1
NOTE-0879,NOTE-0879,water_lily_absolute,False,False,1
NOTE-0880,NOTE-0880,wintergreen_oil,False,False,1
NOTE-0881,NOTE-0881,yuzu_oil,False,False,1
NOTE-0882,NOTE-0882,z11_musk,False,False,1
NOTE-0883,NOTE-0883,zenolide,False,False,1
