accord_id,note_id,note_role,layer,importance_weight,presence_prob,compatibility_score,stability_class,rank_in_layer
ACC-0002,NOTE-0501,support,heart,3,0.7,0.9,high,1
ACC-0002,NOTE-0492,modifier,heart,2,0.6,0.85,high,2
ACC-0002,NOTE-0489,driver,top,5,0.9,0.85,high,1
ACC-0002,NOTE-0474,driver,top,4,0.85,0.85,high,2
ACC-0002,NOTE-0464,support,top,4,0.8,0.9,high,2
ACC-0002,NOTE-0509,support,top/heart,3,0.75,0.95,high,1
ACC-0003,NOTE-0484,driver,base,5,0.95,0.9,high,1
ACC-0003,NOTE-0496,support,base,4,0.8,0.9,high,2
ACC-0003,NOTE-0456,support,base,3,0.75,0.95,high,3
ACC-0003,NOTE-0134,support,base,3,0.7,0.9,high,3
ACC-0003,NOTE-0662,modifier,heart,2,0.6,0.85,high,1
ACC-0003,NOTE-0536,driver,heart/base,4,0.85,0.85,medium,1
ACC-0004,NOTE-0455,driver,base,5,0.85,0.94,high,1
ACC-0004,NOTE-0455,driver,base,5,0.95,0.9,medium,1
ACC-0004,NOTE-0456,driver,base,4,0.8,0.92,medium,2
ACC-0004,NOTE-0456,driver,base,4,0.9,0.95,high,2
ACC-0004,NOTE-0021,modifier,base,3,0.6,0.95,high,3
ACC-0004,NOTE-0631,modifier,base,3,0.7,0.95,high,3
ACC-0004,NOTE-0457,support,base,3,0.65,0.9,high,3
ACC-0004,NOTE-0457,support,base,3,0.85,0.9,high,3
ACC-0004,NOTE-0458,modifier,base,2,0.6,0.85,medium,4
ACC-0004,NOTE-0458,support,base,2,0.45,0.88,high,4
ACC-0005,NOTE-0609,driver,base,5,0.85,0.75,medium,1
ACC-0005,NOTE-0610,driver,base,4,0.8,0.7,medium,2
ACC-0005,NOTE-0611,support,base,3,0.7,0.75,medium,3
ACC-0005,NOTE-0615,support,base,3,0.65,0.7,medium,3
ACC-0005,NOTE-0455,modifier,base,2,0.7,0.85,medium,4
ACC-0005,NOTE-0653,support,heart,2,0.6,0.75,medium,1
ACC-0007,NOTE-0641,support,base,3,0.7,0.95,high,1
ACC-0007,NOTE-0475,support,base,2,0.5,0.75,medium,2
ACC-0007,NOTE-0639,driver,heart,4,0.85,0.9,high,1
ACC-0007,NOTE-0193,modifier,heart,2,0.6,0.95,high,2
ACC-0007,NOTE-0640,support,top,3,0.75,0.9,high,1
ACC-0007,NOTE-0497,driver,top/heart,5,0.95,0.85,high,1
ACC-0008,NOTE-0558,support,heart,3,0.65,0.85,high,1
ACC-0008,NOTE-0451,modifier,heart,2,0.55,0.9,high,2
ACC-0008,NOTE-0499,driver,top,5,0.95,0.95,high,1
ACC-0008,NOTE-0535,driver,top,4,0.8,0.9,high,2
ACC-0008,NOTE-0557,support,top,2,0.6,0.85,high,3
ACC-0008,NOTE-0636,support,top/heart,3,0.7,0.85,high,1
ACC-0017,NOTE-0495,driver,base,5,0.95,0.9,high,1
ACC-0017,NOTE-0657,driver,base,4,0.85,0.9,high,2
ACC-0017,NOTE-0658,support,base,4,0.8,0.85,high,2
ACC-0017,NOTE-0456,support,base,3,0.9,0.95,high,3
ACC-0017,NOTE-0496,support,base,3,0.75,0.9,high,3
ACC-0017,NOTE-0309,modifier,base,2,0.7,0.9,high,4
ACC-0020,NOTE-0452,driver,base,5,0.95,0.85,medium,1
ACC-0020,NOTE-0604,driver,base,4,0.85,0.8,medium,2
ACC-0020,NOTE-0455,support,base,3,0.75,0.85,medium,3
ACC-0020,NOTE-0453,modifier,base,2,0.6,0.85,high,4
ACC-0020,NOTE-0501,support,heart,3,0.7,0.85,high,1
ACC-0020,NOTE-0492,support,heart,2,0.55,0.8,high,2
ACC-0020,NOTE-0449,driver,top,5,0.9,0.95,high,1
ACC-0022,NOTE-0449,driver,top,5,0.95,0.95,high,1
ACC-0022,NOTE-0490,driver,top,4,0.9,0.95,high,2
ACC-0022,NOTE-0654,support,top,3,0.8,0.95,high,3
ACC-0022,NOTE-0526,support,top,3,0.75,0.9,high,3
ACC-0022,NOTE-0491,support,top,2,0.7,0.9,high,4
ACC-0022,NOTE-0530,modifier,top/heart,2,0.65,0.9,high,1
ACC-0024,NOTE-0663,driver,base,5,0.9,0.9,high,1
ACC-0024,NOTE-0664,driver,base,5,0.85,0.9,high,1
ACC-0024,NOTE-0456,support,base,3,0.8,0.95,high,2
ACC-0024,NOTE-0484,modifier,base,2,0.65,0.9,high,3
ACC-0024,NOTE-0496,support,base,2,0.7,0.9,high,3
ACC-0028,NOTE-0604,driver,base,5,0.95,0.8,medium,1
ACC-0028,NOTE-0453,driver,base,4,0.85,0.85,high,2
ACC-0028,NOTE-0452,support,base,3,0.8,0.85,medium,3
ACC-0028,NOTE-0525,support,base,3,0.75,0.8,medium,3
ACC-0028,NOTE-0615,modifier,base,2,0.6,0.7,medium,4
ACC-0028,NOTE-0455,support,base,2,0.7,0.85,medium,4
ACC-0033,NOTE-0205,modifier,base,1,0.7,0.96,high,1
ACC-0033,NOTE-0021,modifier,base,1,0.65,0.95,high,1
ACC-0033,NOTE-0450,modifier,heart,2,0.55,0.9,high,1
ACC-0033,NOTE-0549,driver,top,5,0.8,0.9,low,1
ACC-0033,NOTE-0634,driver,top,5,0.9,0.9,high,1
ACC-0033,NOTE-0635,driver,top,4,0.85,0.9,high,2
ACC-0033,NOTE-0550,support,top,4,0.75,0.92,low,2
ACC-0033,NOTE-0319,support,top,3,0.7,0.91,low,3
ACC-0033,NOTE-0449,support,top,3,0.75,0.95,high,3
ACC-0033,NOTE-0449,modifier,top,2,0.85,0.94,low,4
ACC-0033,NOTE-0557,support,top,2,0.6,0.85,high,4
ACC-0033,NOTE-0550,support,top/heart,3,0.8,0.9,high,1
ACC-0036,NOTE-0456,modifier,base,2,0.6,0.95,high,1
ACC-0036,NOTE-0655,driver,heart,4,0.8,0.9,high,1
ACC-0036,NOTE-0504,support,heart,3,0.7,0.85,high,2
ACC-0036,NOTE-0551,support,top,2,0.65,0.85,high,1
ACC-0036,NOTE-0599,driver,top/heart,5,0.85,0.85,high,1
ACC-0036,NOTE-0656,support,top/heart,3,0.75,0.9,high,2
ACC-0037,NOTE-0456,driver,base,5,0.95,0.95,high,1
ACC-0037,NOTE-0495,driver,base,4,0.85,0.9,high,2
ACC-0037,NOTE-0134,support,base,4,0.8,0.9,high,2
ACC-0037,NOTE-0496,support,base,3,0.75,0.9,high,3
ACC-0037,NOTE-0457,support,base,3,0.7,0.9,high,3
ACC-0037,NOTE-0642,modifier,base,2,0.6,0.85,medium,4
ACC-0039,NOTE-0453,modifier,base,2,0.55,0.85,high,1
ACC-0039,NOTE-0480,driver,heart,4,0.85,0.85,high,1
ACC-0039,NOTE-0638,support,heart,2,0.6,0.85,high,2
ACC-0039,NOTE-0532,support,top,4,0.8,0.9,high,1
ACC-0039,NOTE-0491,support,top,3,0.75,0.9,high,2
ACC-0039,NOTE-0637,driver,top/heart,5,0.9,0.8,medium,1
ACC-0041,NOTE-0574,driver,base,5,0.9,0.85,medium,1
ACC-0041,NOTE-0667,driver,base,4,0.8,0.8,medium,2
ACC-0041,NOTE-0575,support,base,3,0.75,0.85,high,3
ACC-0041,NOTE-0456,support,base,3,0.8,0.95,high,3
ACC-0041,NOTE-0496,support,base,2,0.7,0.9,high,4
ACC-0041,NOTE-0493,modifier,heart,2,0.65,0.9,high,1
ACC-0043,NOTE-0614,driver,base,4,0.85,0.8,medium,1
ACC-0043,NOTE-0455,support,base,4,0.8,0.85,medium,1
ACC-0043,NOTE-0606,support,base,3,0.7,0.9,medium,2
ACC-0043,NOTE-0454,modifier,base,2,0.65,0.9,high,3
ACC-0043,NOTE-0613,driver,heart/base,5,0.95,0.85,high,1
ACC-0043,NOTE-0478,support,top/heart,3,0.75,0.85,medium,1
ACC-0050,NOTE-0046,driver,base,5,0.9,0.75,medium,1
ACC-0050,NOTE-0485,driver,base,4,0.85,0.75,medium,2
ACC-0050,NOTE-0606,support,base,3,0.75,0.8,medium,3
ACC-0050,NOTE-0455,support,base,3,0.8,0.85,medium,3
ACC-0050,NOTE-0453,support,base,3,0.7,0.85,high,3
ACC-0050,NOTE-0349,modifier,heart,2,0.6,0.8,high,1
ACC-0054,NOTE-0632,driver,base,5,0.85,0.9,high,1
ACC-0054,NOTE-0663,driver,base,4,0.8,0.9,high,2
ACC-0054,NOTE-0456,support,base,4,0.85,0.95,high,2
ACC-0054,NOTE-0507,support,base,3,0.75,0.9,high,3
ACC-0054,NOTE-0484,support,base,3,0.7,0.9,high,3
ACC-0054,NOTE-0087,modifier,base,2,0.65,0.9,high,4
ACC-0057,NOTE-0452,driver,base,5,0.95,0.85,medium,1
ACC-0057,NOTE-0644,driver,base,4,0.7,0.9,high,2
ACC-0057,NOTE-0604,support,base,4,0.8,0.8,medium,2
ACC-0057,NOTE-0453,support,base,3,0.75,0.85,high,3
ACC-0057,NOTE-0463,support,base,3,0.6,0.85,high,3
ACC-0057,NOTE-0637,modifier,top/heart,2,0.55,0.8,medium,1
ACC-0062,NOTE-0003,driver,base,5,0.9,0.75,medium,1
ACC-0062,NOTE-0525,driver,base,4,0.85,0.8,medium,2
ACC-0062,NOTE-0604,support,base,4,0.8,0.8,medium,2
ACC-0062,NOTE-0021,modifier,base,2,0.6,0.95,high,3
ACC-0062,NOTE-0455,support,base,2,0.65,0.85,medium,3
ACC-0062,NOTE-0349,support,heart,3,0.75,0.8,high,1
ACC-0062,NOTE-0501,support,heart,3,0.7,0.85,high,1
ACC-0063,NOTE-0021,modifier,base,2,0.6,0.95,high,1
ACC-0063,NOTE-0639,support,heart,3,0.65,0.9,high,1
ACC-0063,NOTE-0652,driver,top,4,0.85,0.85,high,1
ACC-0063,NOTE-0474,support,top,3,0.7,0.85,high,2
ACC-0063,NOTE-0651,driver,top/heart,5,0.9,0.85,high,1
ACC-0063,NOTE-0497,support,top/heart,4,0.8,0.85,high,2
ACC-0066,NOTE-0527,driver,base,5,0.9,0.85,high,1
ACC-0066,NOTE-0484,driver,base,4,0.85,0.9,high,2
ACC-0066,NOTE-0643,support,base,4,0.75,0.85,high,2
ACC-0066,NOTE-0608,support,base,3,0.7,0.9,high,3
ACC-0066,NOTE-0456,modifier,base,2,0.6,0.95,high,4
ACC-0066,NOTE-0524,support,heart/base,3,0.65,0.9,high,1
ACC-0068,NOTE-0501,driver,heart,5,0.95,0.9,high,1
ACC-0068,NOTE-0647,driver,heart,4,0.9,0.9,high,2
ACC-0068,NOTE-0502,support,heart,4,0.85,0.9,high,2
ACC-0068,NOTE-0503,support,heart,3,0.8,0.9,high,3
ACC-0068,NOTE-0504,modifier,heart,2,0.7,0.85,high,4
ACC-0068,NOTE-0541,support,top/heart,2,0.6,0.8,high,1
ACC-0075,NOTE-0046,driver,base,5,0.9,0.75,medium,1
ACC-0075,NOTE-0075,driver,base,4,0.85,0.75,medium,2
ACC-0075,NOTE-0572,support,base,3,0.75,0.75,medium,3
ACC-0075,NOTE-0453,support,base,3,0.8,0.85,high,3
ACC-0075,NOTE-0604,modifier,base,2,0.65,0.8,medium,4
ACC-0075,NOTE-0606,support,base,2,0.7,0.8,medium,4
ACC-0080,NOTE-0485,driver,base,5,0.9,0.75,medium,1
ACC-0080,NOTE-0087,support,base,3,0.8,0.9,high,2
ACC-0080,NOTE-0527,support,base,3,0.7,0.85,high,2
ACC-0080,NOTE-0476,modifier,base,2,0.6,0.9,high,3
ACC-0080,NOTE-0605,driver,heart/base,4,0.85,0.8,high,1
ACC-0084,NOTE-0519,driver,base,5,0.95,0.85,high,1
ACC-0084,NOTE-0496,driver,base,4,0.85,0.9,high,2
ACC-0084,NOTE-0134,support,base,4,0.8,0.9,high,2
ACC-0084,NOTE-0456,support,base,3,0.75,0.95,high,3
ACC-0084,NOTE-0650,support,base,3,0.7,0.85,high,3
ACC-0084,NOTE-0574,modifier,base,2,0.6,0.85,medium,4
ACC-0087,NOTE-0456,driver,base,5,0.98,0.95,high,1
ACC-0087,NOTE-0538,driver,base,4,0.85,0.9,high,2
ACC-0087,NOTE-0496,support,base,4,0.8,0.9,high,2
ACC-0087,NOTE-0457,support,base,3,0.75,0.9,high,3
ACC-0087,NOTE-0134,support,base,3,0.7,0.9,high,3
ACC-0087,NOTE-0484,modifier,base,2,0.65,0.9,high,4
ACC-0090,NOTE-0527,support,base,4,0.8,0.85,high,1
ACC-0090,NOTE-0648,driver,heart,5,0.95,0.85,high,1
ACC-0090,NOTE-0534,driver,heart,4,0.85,0.85,high,2
ACC-0090,NOTE-0480,support,heart,2,0.65,0.85,high,3
ACC-0090,NOTE-0649,support,heart/base,3,0.75,0.85,high,1
ACC-0092,NOTE-0455,modifier,base,2,0.55,0.88,high,1
ACC-0092,NOTE-0456,modifier,base,1,0.6,0.9,medium,2
ACC-0092,NOTE-0205,modifier,base,1,0.65,0.95,high,2
ACC-0092,NOTE-0512,driver,heart,5,0.7,0.85,medium,1
ACC-0092,NOTE-0514,support,heart,4,0.65,0.87,medium,2
ACC-0092,NOTE-0513,support,heart,3,0.6,0.82,medium,3
ACC-0094,NOTE-0465,modifier,base,1,0.7,0.94,high,1
ACC-0094,NOTE-0205,modifier,base,1,0.6,0.95,high,1
ACC-0094,NOTE-0193,driver,heart,5,0.85,0.96,medium,1
ACC-0094,NOTE-0492,driver,heart,5,0.95,0.85,high,1
ACC-0094,NOTE-0645,driver,heart,5,0.9,0.8,high,1
ACC-0094,NOTE-0492,driver,heart,4,0.75,0.92,medium,2
ACC-0094,NOTE-0493,support,heart,4,0.85,0.9,high,2
ACC-0094,NOTE-0493,support,heart,3,0.65,0.9,medium,3
ACC-0094,NOTE-0646,support,heart,3,0.7,0.85,high,3
ACC-0094,NOTE-0494,support,heart,3,0.75,0.85,high,3
ACC-0094,NOTE-0494,modifier,heart,2,0.55,0.88,medium,4
ACC-0094,NOTE-0193,modifier,heart,2,0.8,0.95,high,4
ACC-0095,NOTE-0459,driver,base,5,0.85,0.93,high,1
ACC-0095,NOTE-0459,driver,base,5,0.9,0.95,high,1
ACC-0095,NOTE-0453,driver,base,4,0.85,0.9,high,2
ACC-0095,NOTE-0460,support,base,4,0.75,0.91,high,2
ACC-0095,NOTE-0632,support,base,4,0.75,0.9,high,2
ACC-0095,NOTE-0205,modifier,base,3,0.65,0.95,high,3
ACC-0095,NOTE-0461,support,base,3,0.6,0.9,high,3
ACC-0095,NOTE-0462,support,base,3,0.7,0.85,high,3
ACC-0095,NOTE-0462,modifier,base,2,0.5,0.88,high,4
ACC-0095,NOTE-0633,modifier,base,2,0.8,0.95,high,4
ACC-0097,NOTE-0134,driver,base,5,0.85,0.92,high,1
ACC-0097,NOTE-0452,driver,base,5,0.8,0.93,high,1
ACC-0097,NOTE-0134,driver,base,5,0.95,0.9,high,1
ACC-0097,NOTE-0452,driver,base,5,0.85,0.85,medium,1
ACC-0097,NOTE-0453,support,base,3,0.6,0.88,high,2
ACC-0097,NOTE-0454,support,base,3,0.65,0.87,high,2
ACC-0097,NOTE-0453,support,base,3,0.75,0.85,high,2
ACC-0097,NOTE-0454,support,base,3,0.65,0.9,high,2
ACC-0097,NOTE-0205,modifier,base,2,0.5,0.9,high,3
ACC-0097,NOTE-0453,modifier,base,2,0.45,0.88,high,3
ACC-0097,NOTE-0454,modifier,base,2,0.5,0.87,high,3
ACC-0097,NOTE-0205,modifier,base,2,0.65,0.94,high,3
ACC-0097,NOTE-0630,modifier,base,2,0.5,0.95,high,3
ACC-0097,NOTE-0463,modifier,base,1,0.4,0.9,high,4
ACC-0097,NOTE-0450,support,heart,3,0.55,0.85,medium,1
ACC-0097,NOTE-0450,support,heart,3,0.7,0.9,high,1
ACC-0097,NOTE-0451,support,heart,2,0.45,0.82,medium,2
ACC-0097,NOTE-0451,support,heart,2,0.5,0.83,medium,2
ACC-0097,NOTE-0447,driver,top,5,0.9,0.95,medium,1
ACC-0097,NOTE-0447,driver,top,5,0.98,0.95,high,1
ACC-0097,NOTE-0448,support,top,4,0.75,0.9,medium,2
ACC-0097,NOTE-0449,support,top,4,0.9,0.95,high,2
ACC-0097,NOTE-0449,modifier,top,3,0.7,0.88,low,3
ACC-0097,NOTE-0449,support,top,3,0.7,0.88,low,3
ACC-0098,NOTE-0205,driver,base,4,0.7,0.93,high,1
ACC-0099,NOTE-0205,driver,base,4,0.7,0.93,high,1
ACC-0099,NOTE-0087,support,base,3,0.6,0.9,high,2
ACC-0099,NOTE-0460,support,base,3,0.55,0.88,high,2
ACC-0099,NOTE-0021,modifier,base,2,0.65,0.94,high,3
ACC-0099,NOTE-0465,modifier,base,1,0.35,0.9,high,4
ACC-0099,NOTE-0464,modifier,top,2,0.4,0.82,low,1
ACC-0100,NOTE-0468,support,base,3,0.55,0.85,high,1
ACC-0100,NOTE-0453,modifier,base,2,0.45,0.87,high,2
ACC-0100,NOTE-0205,modifier,base,1,0.6,0.94,high,3
ACC-0100,NOTE-0466,driver,heart,5,0.8,0.92,medium,1
ACC-0100,NOTE-0467,support,heart,4,0.65,0.88,medium,2
ACC-0100,NOTE-0451,modifier,heart,2,0.5,0.83,medium,3
ACC-0101,NOTE-0470,support,base,4,0.65,0.9,high,1
ACC-0101,NOTE-0471,support,base,3,0.5,0.86,high,2
ACC-0101,NOTE-0472,support,base,3,0.55,0.88,high,2
ACC-0101,NOTE-0455,modifier,base,2,0.45,0.87,high,3
ACC-0101,NOTE-0205,modifier,base,1,0.6,0.94,high,4
ACC-0101,NOTE-0469,driver,heart/base,5,0.8,0.92,high,1
ACC-0102,NOTE-0473,driver,base,5,0.75,0.95,high,1
ACC-0102,NOTE-0021,driver,base,4,0.8,0.96,high,2
ACC-0102,NOTE-0476,modifier,base,2,0.65,0.94,high,3
ACC-0102,NOTE-0205,modifier,base,1,0.55,0.93,high,4
ACC-0102,NOTE-0475,modifier,heart,2,0.35,0.8,medium,1
ACC-0102,NOTE-0474,support,top,3,0.5,0.84,low,1
ACC-0103,NOTE-0205,driver,base,4,0.75,0.95,high,1
ACC-0103,NOTE-0087,support,base,3,0.6,0.9,high,2
ACC-0103,NOTE-0021,modifier,base,2,0.65,0.94,high,3
ACC-0103,NOTE-0460,modifier,base,2,0.5,0.88,high,3
ACC-0103,NOTE-0476,modifier,base,1,0.6,0.93,high,4
ACC-0103,NOTE-0464,support,top,3,0.55,0.85,low,1
ACC-0104,NOTE-0205,modifier,base,1,0.6,0.93,high,1
ACC-0104,NOTE-0021,modifier,base,1,0.55,0.92,high,1
ACC-0104,NOTE-0478,support,heart,4,0.65,0.9,medium,1
ACC-0104,NOTE-0479,support,heart,3,0.55,0.86,medium,2
ACC-0104,NOTE-0480,modifier,heart,2,0.5,0.84,medium,3
ACC-0104,NOTE-0477,driver,top/heart,5,0.75,0.88,medium,1
ACC-0105,NOTE-0481,driver,base,5,0.7,0.9,high,1
ACC-0105,NOTE-0087,modifier,base,1,0.6,0.92,high,2
ACC-0105,NOTE-0465,modifier,base,1,0.65,0.93,high,2
ACC-0105,NOTE-0482,support,heart,4,0.6,0.88,medium,1
ACC-0105,NOTE-0483,support,heart,3,0.55,0.86,medium,2
ACC-0105,NOTE-0484,modifier,heart,2,0.5,0.85,medium,3
ACC-0106,NOTE-0471,driver,base,4,0.6,0.85,high,1
ACC-0106,NOTE-0485,support,base,3,0.55,0.87,high,2
ACC-0106,NOTE-0455,modifier,base,2,0.45,0.88,high,3
ACC-0106,NOTE-0476,modifier,base,1,0.6,0.94,high,4
ACC-0106,NOTE-0466,driver,heart,5,0.7,0.88,medium,1
ACC-0106,NOTE-0467,support,heart,3,0.5,0.86,medium,2
ACC-0107,NOTE-0473,support,base,3,0.6,0.92,high,1
ACC-0107,NOTE-0205,modifier,base,2,0.65,0.94,high,2
ACC-0107,NOTE-0021,modifier,base,2,0.7,0.95,high,2
ACC-0107,NOTE-0476,modifier,base,1,0.6,0.93,high,3
ACC-0107,NOTE-0486,driver,heart,5,0.65,0.82,medium,1
ACC-0107,NOTE-0464,support,top,3,0.55,0.84,low,1
ACC-0108,NOTE-0205,modifier,base,2,0.65,0.94,high,1
ACC-0108,NOTE-0021,modifier,base,1,0.6,0.93,high,2
ACC-0108,NOTE-0476,modifier,base,1,0.55,0.92,high,2
ACC-0108,NOTE-0487,driver,top,5,0.75,0.9,medium,1
ACC-0108,NOTE-0488,support,top,4,0.7,0.88,low,2
ACC-0108,NOTE-0489,support,top,3,0.55,0.83,low,3
ACC-0109,NOTE-0205,modifier,base,1,0.55,0.94,high,1
ACC-0109,NOTE-0476,modifier,base,1,0.5,0.93,high,1
ACC-0109,NOTE-0449,driver,top,5,0.9,0.95,low,1
ACC-0109,NOTE-0490,support,top,4,0.8,0.92,low,2
ACC-0109,NOTE-0489,support,top,3,0.65,0.88,low,3
ACC-0109,NOTE-0491,modifier,top,2,0.6,0.9,low,4
ACC-0110,NOTE-0456,driver,base,5,0.9,0.94,medium,1
ACC-0110,NOTE-0495,support,base,4,0.75,0.92,medium,2
ACC-0110,NOTE-0496,support,base,3,0.65,0.9,high,3
ACC-0110,NOTE-0457,modifier,base,2,0.6,0.91,high,4
ACC-0110,NOTE-0087,modifier,base,1,0.55,0.93,high,5
ACC-0110,NOTE-0465,modifier,base,1,0.6,0.94,high,5
ACC-0111,NOTE-0205,driver,base,5,0.95,0.97,high,1
ACC-0111,NOTE-0021,driver,base,5,0.95,0.95,high,1
ACC-0111,NOTE-0016,driver,base,5,0.7,0.97,high,1
ACC-0111,NOTE-0021,driver,base,4,0.85,0.96,high,2
ACC-0111,NOTE-0459,driver,base,4,0.85,0.95,high,2
ACC-0111,NOTE-0205,support,base,4,0.8,0.95,high,2
ACC-0111,NOTE-0094,support,base,4,0.65,0.96,high,2
ACC-0111,NOTE-0459,support,base,3,0.75,0.92,high,3
ACC-0111,NOTE-0460,support,base,3,0.7,0.91,high,3
ACC-0111,NOTE-0455,support,base,3,0.75,0.85,medium,3
ACC-0111,NOTE-0354,support,base,3,0.6,0.96,high,3
ACC-0111,NOTE-0087,modifier,base,2,0.65,0.93,high,4
ACC-0111,NOTE-0453,modifier,base,2,0.65,0.85,high,4
ACC-0111,NOTE-0021,modifier,base,2,0.65,0.98,high,4
ACC-0111,NOTE-0456,support,base,2,0.7,0.95,high,4
ACC-0111,NOTE-0476,modifier,base,1,0.6,0.95,high,5
ACC-0111,NOTE-0269,modifier,base,1,0.7,0.97,high,5
ACC-0112,NOTE-0021,modifier,base,1,0.7,0.94,high,1
ACC-0112,NOTE-0205,modifier,base,1,0.6,0.95,high,1
ACC-0112,NOTE-0499,modifier,heart,2,0.65,0.9,medium,1
ACC-0112,NOTE-0497,driver,top,5,0.8,0.9,low,1
ACC-0112,NOTE-0464,support,top,4,0.7,0.88,low,2
ACC-0112,NOTE-0498,support,top,3,0.75,0.92,low,3
ACC-0113,NOTE-0465,modifier,base,1,0.6,0.94,high,1
ACC-0113,NOTE-0500,driver,heart,5,0.9,0.95,medium,1
ACC-0113,NOTE-0501,driver,heart,4,0.75,0.92,medium,2
ACC-0113,NOTE-0502,support,heart,3,0.7,0.9,medium,3
ACC-0113,NOTE-0503,support,heart,3,0.65,0.88,medium,3
ACC-0113,NOTE-0504,modifier,heart,2,0.55,0.93,medium,4
ACC-0114,NOTE-0505,driver,base,5,0.95,0.97,high,1
ACC-0114,NOTE-0476,driver,base,4,0.85,0.96,high,2
ACC-0114,NOTE-0506,support,base,3,0.7,0.95,high,3
ACC-0114,NOTE-0507,support,base,3,0.65,0.94,high,3
ACC-0114,NOTE-0205,modifier,base,2,0.75,0.96,high,4
ACC-0114,NOTE-0508,modifier,base,1,0.6,0.95,high,5
ACC-0115,NOTE-0465,modifier,base,1,0.65,0.94,high,1
ACC-0115,NOTE-0269,modifier,base,1,0.7,0.97,high,1
ACC-0115,NOTE-0511,support,heart,3,0.65,0.9,medium,1
ACC-0115,NOTE-0209,support,heart,3,0.55,0.95,medium,1
ACC-0115,NOTE-0504,modifier,heart,2,0.6,0.92,medium,2
ACC-0115,NOTE-0193,modifier,heart,2,0.75,0.96,medium,2
ACC-0115,NOTE-0338,modifier,heart,2,0.5,0.94,medium,2
ACC-0115,NOTE-0303,driver,top,5,0.65,0.94,medium,1
ACC-0115,NOTE-0510,support,top,4,0.8,0.93,low,2
ACC-0115,NOTE-0027,support,top,4,0.6,0.93,medium,2
ACC-0115,NOTE-0509,driver,top/heart,5,0.85,0.94,medium,1
ACC-0116,NOTE-0455,support,base,3,0.6,0.9,high,1
ACC-0116,NOTE-0456,modifier,base,2,0.55,0.92,medium,2
ACC-0116,NOTE-0458,modifier,base,1,0.5,0.88,high,3
ACC-0116,NOTE-0513,support,heart,4,0.7,0.86,medium,1
ACC-0116,NOTE-0514,support,heart,3,0.65,0.85,medium,2
ACC-0116,NOTE-0512,driver,top/heart,5,0.75,0.88,medium,1
ACC-0117,NOTE-0452,driver,base,4,0.7,0.93,high,1
ACC-0117,NOTE-0455,support,base,3,0.65,0.9,high,2
ACC-0117,NOTE-0515,support,base,3,0.6,0.89,high,2
ACC-0117,NOTE-0205,modifier,base,1,0.7,0.95,high,3
ACC-0117,NOTE-0501,modifier,heart,2,0.55,0.88,medium,1
ACC-0117,NOTE-0449,driver,top,5,0.85,0.92,low,1
ACC-0118,NOTE-0021,modifier,base,1,0.7,0.94,high,1
ACC-0118,NOTE-0205,modifier,base,1,0.75,0.95,high,1
ACC-0118,NOTE-0499,modifier,heart,2,0.65,0.9,medium,1
ACC-0118,NOTE-0464,driver,top,5,0.75,0.88,low,1
ACC-0118,NOTE-0497,support,top,4,0.7,0.86,low,2
ACC-0118,NOTE-0498,support,top,3,0.8,0.92,low,3
ACC-0119,NOTE-0452,driver,base,5,0.75,0.93,high,1
ACC-0119,NOTE-0515,support,base,4,0.7,0.91,high,2
ACC-0119,NOTE-0453,support,base,3,0.65,0.9,high,3
ACC-0119,NOTE-0205,modifier,base,1,0.7,0.95,high,4
ACC-0119,NOTE-0476,modifier,base,1,0.65,0.94,high,4
ACC-0119,NOTE-0477,modifier,heart,2,0.55,0.86,medium,1
ACC-0120,NOTE-0471,driver,base,5,0.65,0.86,high,1
ACC-0120,NOTE-0485,support,base,4,0.6,0.88,high,2
ACC-0120,NOTE-0516,support,base,3,0.55,0.85,high,3
ACC-0120,NOTE-0455,modifier,base,2,0.5,0.87,high,4
ACC-0120,NOTE-0087,modifier,base,1,0.6,0.92,high,5
ACC-0120,NOTE-0476,modifier,base,1,0.65,0.94,high,5
ACC-0121,NOTE-0459,modifier,base,2,0.6,0.89,high,1
ACC-0121,NOTE-0205,modifier,base,1,0.65,0.95,high,2
ACC-0121,NOTE-0465,modifier,base,1,0.6,0.94,high,2
ACC-0121,NOTE-0517,driver,heart,5,0.7,0.9,medium,1
ACC-0121,NOTE-0518,support,heart,4,0.65,0.88,medium,2
ACC-0121,NOTE-0169,support,top,3,0.55,0.85,medium,1
ACC-0122,NOTE-0505,modifier,base,1,0.85,0.97,high,1
ACC-0122,NOTE-0205,modifier,base,1,0.75,0.96,high,1
ACC-0122,NOTE-0509,support,heart,4,0.75,0.92,medium,1
ACC-0122,NOTE-0193,support,heart,3,0.8,0.95,medium,2
ACC-0122,NOTE-0499,modifier,heart,2,0.7,0.9,medium,3
ACC-0122,NOTE-0474,driver,top,5,0.8,0.9,low,1
ACC-0123,NOTE-0519,driver,base,5,0.7,0.9,high,1
ACC-0123,NOTE-0520,support,base,4,0.65,0.88,medium,2
ACC-0123,NOTE-0496,support,base,3,0.6,0.91,high,3
ACC-0123,NOTE-0456,modifier,base,2,0.55,0.92,medium,4
ACC-0123,NOTE-0458,modifier,base,1,0.5,0.88,high,5
ACC-0123,NOTE-0465,modifier,base,1,0.6,0.94,high,5
ACC-0124,NOTE-0205,modifier,base,1,0.65,0.95,high,1
ACC-0124,NOTE-0021,modifier,base,1,0.6,0.94,high,1
ACC-0124,NOTE-0499,modifier,heart,2,0.6,0.88,medium,1
ACC-0124,NOTE-0521,driver,top,5,0.75,0.85,low,1
ACC-0124,NOTE-0522,support,top,4,0.65,0.82,low,2
ACC-0124,NOTE-0523,support,top,3,0.7,0.84,low,3
ACC-0125,NOTE-0524,modifier,base,2,0.55,0.91,high,1
ACC-0125,NOTE-0465,modifier,base,1,0.65,0.94,high,2
ACC-0125,NOTE-0205,modifier,base,1,0.6,0.95,high,2
ACC-0125,NOTE-0493,driver,heart,5,0.75,0.92,medium,1
ACC-0125,NOTE-0520,support,heart,4,0.65,0.9,medium,2
ACC-0125,NOTE-0494,support,heart,3,0.6,0.88,medium,3
ACC-0126,NOTE-0453,driver,base,5,0.8,0.93,high,1
ACC-0126,NOTE-0458,support,base,4,0.75,0.91,high,2
ACC-0126,NOTE-0525,support,base,3,0.65,0.89,high,3
ACC-0126,NOTE-0472,modifier,base,2,0.6,0.88,high,4
ACC-0126,NOTE-0205,modifier,base,1,0.7,0.95,high,5
ACC-0126,NOTE-0021,modifier,base,1,0.65,0.94,high,5
ACC-0127,NOTE-0205,modifier,base,1,0.6,0.95,high,1
ACC-0127,NOTE-0476,modifier,base,1,0.55,0.94,high,1
ACC-0127,NOTE-0526,driver,top,5,0.85,0.92,low,1
ACC-0127,NOTE-0449,support,top,4,0.8,0.93,low,2
ACC-0127,NOTE-0489,support,top,3,0.7,0.89,low,3
ACC-0127,NOTE-0491,modifier,top,2,0.65,0.9,low,4
ACC-0128,NOTE-0527,driver,base,5,0.65,0.9,high,1
ACC-0128,NOTE-0465,modifier,base,1,0.65,0.94,high,2
ACC-0128,NOTE-0205,modifier,base,1,0.6,0.95,high,2
ACC-0128,NOTE-0528,support,heart,4,0.6,0.88,medium,1
ACC-0128,NOTE-0529,support,heart,3,0.55,0.87,medium,2
ACC-0128,NOTE-0484,modifier,heart,2,0.5,0.86,medium,3
ACC-0129,NOTE-0134,modifier,base,2,0.65,0.9,high,1
ACC-0129,NOTE-0205,modifier,base,1,0.7,0.96,high,2
ACC-0129,NOTE-0465,modifier,base,1,0.6,0.95,high,2
ACC-0129,NOTE-0499,driver,top,5,0.95,0.96,medium,1
ACC-0129,NOTE-0510,support,top,4,0.85,0.95,low,2
ACC-0129,NOTE-0448,support,top,3,0.75,0.93,medium,3
ACC-0130,NOTE-0205,modifier,base,1,0.7,0.95,high,1
ACC-0130,NOTE-0493,support,heart,3,0.7,0.91,medium,1
ACC-0130,NOTE-0193,modifier,heart,1,0.8,0.96,medium,2
ACC-0130,NOTE-0530,driver,top,5,0.85,0.94,low,1
ACC-0130,NOTE-0491,support,top,4,0.8,0.92,low,2
ACC-0130,NOTE-0449,modifier,top,2,0.85,0.93,low,3
ACC-0131,NOTE-0205,modifier,base,1,0.65,0.95,high,1
ACC-0131,NOTE-0465,modifier,base,1,0.6,0.94,high,1
ACC-0131,NOTE-0509,modifier,heart,2,0.7,0.92,medium,1
ACC-0131,NOTE-0531,driver,top,5,0.8,0.9,low,1
ACC-0131,NOTE-0532,support,top,4,0.75,0.88,low,2
ACC-0131,NOTE-0533,support,top,3,0.65,0.85,low,3
ACC-0132,NOTE-0481,support,base,3,0.6,0.89,high,1
ACC-0132,NOTE-0465,modifier,base,1,0.65,0.94,high,2
ACC-0132,NOTE-0205,modifier,base,1,0.7,0.95,high,2
ACC-0132,NOTE-0534,driver,heart,5,0.75,0.9,medium,1
ACC-0132,NOTE-0480,support,heart,4,0.65,0.88,medium,2
ACC-0132,NOTE-0484,modifier,heart,2,0.55,0.87,medium,3
ACC-0133,NOTE-0087,driver,base,5,0.85,0.96,high,1
ACC-0133,NOTE-0205,support,base,4,0.9,0.97,high,2
ACC-0133,NOTE-0021,support,base,3,0.8,0.96,high,3
ACC-0133,NOTE-0459,modifier,base,2,0.75,0.92,high,4
ACC-0133,NOTE-0476,modifier,base,1,0.85,0.97,high,5
ACC-0133,NOTE-0465,modifier,base,1,0.7,0.95,high,5
ACC-0134,NOTE-0205,modifier,base,1,0.65,0.95,high,1
ACC-0134,NOTE-0449,driver,top,5,0.9,0.94,low,1
ACC-0134,NOTE-0499,support,top,4,0.85,0.93,medium,2
ACC-0134,NOTE-0535,support,top,3,0.75,0.9,medium,3
ACC-0134,NOTE-0491,modifier,top,2,0.8,0.92,low,4
ACC-0134,NOTE-0530,modifier,top,1,0.7,0.91,low,5
ACC-0135,NOTE-0456,support,base,3,0.75,0.92,medium,1
ACC-0135,NOTE-0496,modifier,base,2,0.6,0.9,high,2
ACC-0135,NOTE-0465,modifier,base,1,0.65,0.94,high,3
ACC-0135,NOTE-0205,modifier,base,1,0.7,0.95,high,3
ACC-0135,NOTE-0484,support,heart,4,0.65,0.86,medium,1
ACC-0135,NOTE-0536,driver,top,5,0.7,0.88,low,1
ACC-0136,NOTE-0134,support,base,4,0.7,0.9,high,1
ACC-0136,NOTE-0519,support,base,3,0.55,0.88,high,2
ACC-0136,NOTE-0453,modifier,base,2,0.6,0.89,high,3
ACC-0136,NOTE-0205,modifier,base,1,0.7,0.95,high,4
ACC-0136,NOTE-0465,modifier,base,1,0.6,0.94,high,4
ACC-0136,NOTE-0468,driver,heart,5,0.65,0.85,medium,1
ACC-0137,NOTE-0134,support,base,3,0.75,0.91,high,1
ACC-0137,NOTE-0452,modifier,base,2,0.65,0.9,high,2
ACC-0137,NOTE-0205,modifier,base,1,0.7,0.95,high,3
ACC-0137,NOTE-0450,support,heart,3,0.8,0.92,medium,1
ACC-0137,NOTE-0499,driver,top,5,0.95,0.96,medium,1
ACC-0137,NOTE-0449,support,top,4,0.9,0.94,low,2
ACC-0138,NOTE-0021,driver,base,5,0.9,0.97,high,1
ACC-0138,NOTE-0205,support,base,3,0.85,0.97,high,2
ACC-0138,NOTE-0465,modifier,base,1,0.75,0.95,high,3
ACC-0138,NOTE-0498,support,top,4,0.85,0.93,low,1
ACC-0138,NOTE-0449,support,top,3,0.8,0.92,low,2
ACC-0138,NOTE-0537,modifier,top,2,0.7,0.88,low,3
ACC-0139,NOTE-0456,driver,base,5,0.85,0.94,medium,1
ACC-0139,NOTE-0538,support,base,4,0.8,0.93,medium,2
ACC-0139,NOTE-0457,support,base,3,0.7,0.91,high,3
ACC-0139,NOTE-0496,modifier,base,2,0.65,0.9,high,4
ACC-0139,NOTE-0465,modifier,base,1,0.7,0.94,high,5
ACC-0139,NOTE-0205,modifier,base,1,0.65,0.95,high,5
ACC-0140,NOTE-0205,modifier,base,1,0.65,0.95,high,1
ACC-0140,NOTE-0465,modifier,base,1,0.6,0.94,high,1
ACC-0140,NOTE-0517,driver,heart,5,0.8,0.92,medium,1
ACC-0140,NOTE-0518,modifier,heart,2,0.6,0.88,medium,2
ACC-0140,NOTE-0532,support,top,4,0.75,0.89,low,1
ACC-0140,NOTE-0169,support,top,3,0.65,0.87,medium,2
ACC-0141,NOTE-0539,driver,base,5,0.75,0.9,high,1
ACC-0141,NOTE-0470,support,base,4,0.65,0.88,high,2
ACC-0141,NOTE-0471,support,base,3,0.55,0.84,high,3
ACC-0141,NOTE-0455,modifier,base,2,0.6,0.87,high,4
ACC-0141,NOTE-0205,modifier,base,1,0.65,0.95,high,5
ACC-0141,NOTE-0476,modifier,base,1,0.6,0.94,high,5
ACC-0142,NOTE-0505,modifier,base,1,0.9,0.98,high,1
ACC-0142,NOTE-0205,modifier,base,1,0.75,0.96,high,1
ACC-0142,NOTE-0509,support,heart,4,0.8,0.93,medium,1
ACC-0142,NOTE-0193,support,heart,3,0.85,0.95,medium,2
ACC-0142,NOTE-0540,driver,top,5,0.85,0.9,low,1
ACC-0142,NOTE-0541,modifier,top,2,0.7,0.89,low,2
ACC-0143,NOTE-0542,driver,base,5,0.7,0.88,high,1
ACC-0143,NOTE-0544,support,base,3,0.65,0.87,high,2
ACC-0143,NOTE-0456,modifier,base,2,0.7,0.91,medium,3
ACC-0143,NOTE-0458,modifier,base,1,0.55,0.88,high,4
ACC-0143,NOTE-0465,modifier,base,1,0.65,0.94,high,4
ACC-0143,NOTE-0543,support,heart,4,0.6,0.85,medium,1
ACC-0144,NOTE-0473,support,base,3,0.65,0.9,high,1
ACC-0144,NOTE-0205,modifier,base,2,0.75,0.96,high,2
ACC-0144,NOTE-0021,modifier,base,1,0.7,0.95,high,3
ACC-0144,NOTE-0476,modifier,base,1,0.65,0.94,high,3
ACC-0144,NOTE-0489,driver,top,5,0.75,0.86,low,1
ACC-0144,NOTE-0488,support,top,4,0.7,0.88,low,2
ACC-0145,NOTE-0456,driver,base,5,0.85,0.94,medium,1
ACC-0145,NOTE-0496,modifier,base,2,0.65,0.91,high,2
ACC-0145,NOTE-0465,modifier,base,1,0.7,0.95,high,3
ACC-0145,NOTE-0205,modifier,base,1,0.65,0.96,high,3
ACC-0145,NOTE-0495,support,heart,4,0.75,0.9,medium,1
ACC-0145,NOTE-0545,support,heart,3,0.7,0.89,medium,2
ACC-0146,NOTE-0457,modifier,base,2,0.55,0.89,high,1
ACC-0146,NOTE-0496,modifier,base,1,0.6,0.91,high,2
ACC-0146,NOTE-0465,modifier,base,1,0.65,0.94,high,2
ACC-0146,NOTE-0546,driver,heart,5,0.75,0.83,medium,1
ACC-0146,NOTE-0547,support,heart,4,0.7,0.86,medium,2
ACC-0146,NOTE-0548,support,heart,3,0.6,0.82,medium,3
ACC-0147,NOTE-0455,driver,base,5,0.75,0.9,high,1
ACC-0147,NOTE-0457,support,base,4,0.7,0.91,high,2
ACC-0147,NOTE-0408,support,base,3,0.65,0.92,medium,3
ACC-0147,NOTE-0496,modifier,base,2,0.6,0.9,high,4
ACC-0147,NOTE-0458,modifier,base,1,0.55,0.88,high,5
ACC-0147,NOTE-0465,modifier,base,1,0.65,0.94,high,5
ACC-0148,NOTE-0021,driver,base,5,0.9,0.97,high,1
ACC-0148,NOTE-0205,support,base,4,0.85,0.97,high,2
ACC-0148,NOTE-0087,support,base,3,0.8,0.96,high,3
ACC-0148,NOTE-0454,modifier,base,2,0.7,0.92,high,4
ACC-0148,NOTE-0476,modifier,base,1,0.85,0.98,high,5
ACC-0148,NOTE-0465,modifier,base,1,0.7,0.95,high,5
ACC-0149,NOTE-0456,support,base,3,0.65,0.92,medium,1
ACC-0149,NOTE-0205,modifier,base,1,0.7,0.96,high,2
ACC-0149,NOTE-0465,modifier,base,1,0.65,0.94,high,2
ACC-0149,NOTE-0511,support,heart,4,0.7,0.88,medium,1
ACC-0149,NOTE-0509,modifier,heart,2,0.75,0.93,medium,2
ACC-0149,NOTE-0551,driver,top,5,0.8,0.89,low,1
ACC-0150,NOTE-0205,modifier,base,1,0.7,0.96,high,1
ACC-0150,NOTE-0465,modifier,base,1,0.65,0.95,high,1
ACC-0150,NOTE-0499,modifier,heart,2,0.75,0.91,medium,1
ACC-0150,NOTE-0550,driver,top,5,0.8,0.92,low,1
ACC-0150,NOTE-0523,support,top,4,0.7,0.88,low,2
ACC-0150,NOTE-0449,support,top,3,0.85,0.94,low,3
ACC-0151,NOTE-0457,modifier,base,2,0.6,0.9,high,1
ACC-0151,NOTE-0456,modifier,base,1,0.65,0.92,medium,2
ACC-0151,NOTE-0205,modifier,base,1,0.6,0.95,high,2
ACC-0151,NOTE-0513,driver,heart,5,0.75,0.84,medium,1
ACC-0151,NOTE-0552,support,heart,4,0.7,0.83,medium,2
ACC-0151,NOTE-0512,support,heart,3,0.65,0.82,medium,3
ACC-0152,NOTE-0496,modifier,base,2,0.55,0.9,high,1
ACC-0152,NOTE-0455,modifier,base,1,0.5,0.88,high,2
ACC-0152,NOTE-0465,modifier,base,1,0.6,0.94,high,2
ACC-0152,NOTE-0514,driver,heart,5,0.75,0.87,medium,1
ACC-0152,NOTE-0553,support,heart,4,0.65,0.85,medium,2
ACC-0152,NOTE-0546,support,heart,3,0.6,0.83,medium,3
ACC-0153,NOTE-0205,modifier,base,1,0.7,0.96,high,1
ACC-0153,NOTE-0021,modifier,base,1,0.65,0.95,high,1
ACC-0153,NOTE-0549,driver,top,5,0.85,0.93,low,1
ACC-0153,NOTE-0490,support,top,4,0.9,0.94,low,2
ACC-0153,NOTE-0319,support,top,3,0.8,0.92,low,3
ACC-0153,NOTE-0550,modifier,top,2,0.75,0.92,low,4
ACC-0154,NOTE-0453,modifier,base,2,0.6,0.88,high,1
ACC-0154,NOTE-0205,modifier,base,1,0.7,0.96,high,2
ACC-0154,NOTE-0465,modifier,base,1,0.65,0.95,high,2
ACC-0154,NOTE-0478,support,heart,3,0.65,0.89,medium,1
ACC-0154,NOTE-0554,driver,top,5,0.8,0.91,low,1
ACC-0154,NOTE-0488,support,top,4,0.75,0.92,low,2
ACC-0155,NOTE-0556,support,base,4,0.65,0.87,high,1
ACC-0155,NOTE-0485,support,base,3,0.55,0.83,high,2
ACC-0155,NOTE-0455,modifier,base,2,0.6,0.88,high,3
ACC-0155,NOTE-0021,modifier,base,1,0.7,0.95,high,4
ACC-0155,NOTE-0476,modifier,base,1,0.65,0.94,high,4
ACC-0155,NOTE-0555,driver,heart,5,0.7,0.89,medium,1
ACC-0156,NOTE-0456,support,base,4,0.7,0.92,medium,1
ACC-0156,NOTE-0496,support,base,3,0.65,0.91,high,2
ACC-0156,NOTE-0457,modifier,base,2,0.6,0.9,high,3
ACC-0156,NOTE-0205,modifier,base,1,0.7,0.96,high,4
ACC-0156,NOTE-0465,modifier,base,1,0.65,0.95,high,4
ACC-0156,NOTE-0550,driver,top,5,0.8,0.93,low,1
ACC-0157,NOTE-0454,support,base,4,0.7,0.91,high,1
ACC-0157,NOTE-0458,support,base,3,0.65,0.89,high,2
ACC-0157,NOTE-0455,modifier,base,2,0.6,0.9,high,3
ACC-0157,NOTE-0205,modifier,base,1,0.75,0.96,high,4
ACC-0157,NOTE-0021,modifier,base,1,0.7,0.95,high,4
ACC-0157,NOTE-0512,driver,heart,5,0.75,0.85,medium,1
ACC-0158,NOTE-0539,support,base,4,0.65,0.9,high,1
ACC-0158,NOTE-0455,modifier,base,2,0.6,0.88,high,2
ACC-0158,NOTE-0205,modifier,base,1,0.7,0.96,high,3
ACC-0158,NOTE-0465,modifier,base,1,0.65,0.95,high,3
ACC-0158,NOTE-0478,driver,heart,5,0.7,0.88,medium,1
ACC-0158,NOTE-0554,support,top,3,0.75,0.89,low,1
ACC-0159,NOTE-0205,modifier,base,1,0.7,0.96,high,1
ACC-0159,NOTE-0465,modifier,base,1,0.65,0.95,high,1
ACC-0159,NOTE-0557,driver,top,5,0.85,0.92,low,1
ACC-0159,NOTE-0558,support,top,4,0.75,0.88,low,2
ACC-0159,NOTE-0535,support,top,3,0.8,0.9,medium,3
ACC-0159,NOTE-0449,modifier,top,2,0.9,0.94,low,4
ACC-0160,NOTE-0525,support,base,3,0.6,0.85,high,1
ACC-0160,NOTE-0455,modifier,base,2,0.55,0.88,high,2
ACC-0160,NOTE-0205,modifier,base,1,0.65,0.96,high,3
ACC-0160,NOTE-0465,modifier,base,1,0.6,0.95,high,3
ACC-0160,NOTE-0559,driver,heart,5,0.65,0.8,medium,1
ACC-0160,NOTE-0560,support,top,4,0.75,0.87,low,1
ACC-0161,NOTE-0456,support,base,4,0.65,0.92,medium,1
ACC-0161,NOTE-0556,support,base,3,0.6,0.88,high,2
ACC-0161,NOTE-0457,modifier,base,2,0.55,0.9,high,3
ACC-0161,NOTE-0021,modifier,base,1,0.7,0.95,high,4
ACC-0161,NOTE-0476,modifier,base,1,0.65,0.94,high,4
ACC-0161,NOTE-0555,driver,heart,5,0.7,0.9,medium,1
ACC-0162,NOTE-0459,support,base,4,0.75,0.92,high,1
ACC-0162,NOTE-0453,support,base,3,0.7,0.9,high,2
ACC-0162,NOTE-0205,modifier,base,2,0.8,0.97,high,3
ACC-0162,NOTE-0021,modifier,base,1,0.75,0.96,high,4
ACC-0162,NOTE-0465,modifier,base,1,0.65,0.95,high,4
ACC-0162,NOTE-0554,driver,top,5,0.8,0.91,low,1
ACC-0163,NOTE-0455,driver,base,5,0.75,0.91,high,1
ACC-0163,NOTE-0457,support,base,4,0.7,0.92,high,2
ACC-0163,NOTE-0456,modifier,base,1,0.65,0.93,medium,3
ACC-0163,NOTE-0465,modifier,base,1,0.7,0.95,high,3
ACC-0163,NOTE-0512,support,heart,3,0.65,0.86,medium,1
ACC-0163,NOTE-0513,modifier,heart,2,0.6,0.84,medium,2
ACC-0164,NOTE-0205,modifier,base,1,0.7,0.96,high,1
ACC-0164,NOTE-0465,modifier,base,1,0.65,0.95,high,1
ACC-0164,NOTE-0493,support,heart,4,0.7,0.91,medium,1
ACC-0164,NOTE-0193,support,heart,3,0.85,0.96,medium,2
ACC-0164,NOTE-0550,driver,top,5,0.8,0.93,low,1
ACC-0164,NOTE-0449,modifier,top,2,0.9,0.94,low,2
ACC-0165,NOTE-0458,modifier,base,2,0.65,0.9,high,1
ACC-0165,NOTE-0205,modifier,base,1,0.7,0.96,high,2
ACC-0165,NOTE-0465,modifier,base,1,0.65,0.95,high,2
ACC-0165,NOTE-0501,driver,heart,5,0.75,0.92,medium,1
ACC-0165,NOTE-0548,support,heart,3,0.6,0.85,medium,2
ACC-0165,NOTE-0488,support,top,4,0.7,0.91,low,1
ACC-0166,NOTE-0205,modifier,base,1,0.7,0.96,high,1
ACC-0166,NOTE-0021,modifier,base,1,0.65,0.95,high,1
ACC-0166,NOTE-0549,driver,top,5,0.85,0.93,low,1
ACC-0166,NOTE-0490,support,top,4,0.9,0.94,low,2
ACC-0166,NOTE-0449,support,top,3,0.88,0.94,low,3
ACC-0166,NOTE-0550,modifier,top,2,0.75,0.92,low,4
ACC-0167,NOTE-0456,driver,base,5,0.85,0.94,medium,1
ACC-0167,NOTE-0456,driver,base,5,0.7,0.94,high,1
ACC-0167,NOTE-0457,support,base,4,0.75,0.92,high,2
ACC-0167,NOTE-0039,support,base,4,0.65,0.92,high,2
ACC-0167,NOTE-0455,support,base,3,0.7,0.91,high,3
ACC-0167,NOTE-0455,support,base,3,0.6,0.9,high,3
ACC-0167,NOTE-0496,modifier,base,2,0.65,0.9,high,4
ACC-0167,NOTE-0399,modifier,base,2,0.55,0.93,high,4
ACC-0167,NOTE-0205,modifier,base,1,0.7,0.96,high,5
ACC-0167,NOTE-0465,modifier,base,1,0.65,0.95,high,5
ACC-0167,NOTE-0205,modifier,base,1,0.75,0.97,high,5
ACC-0167,NOTE-0476,modifier,base,1,0.7,0.96,high,5
ACC-0168,NOTE-0453,modifier,base,2,0.7,0.9,high,1
ACC-0168,NOTE-0205,modifier,base,1,0.75,0.96,high,2
ACC-0168,NOTE-0465,modifier,base,1,0.65,0.95,high,2
ACC-0168,NOTE-0450,support,heart,3,0.75,0.92,medium,1
ACC-0168,NOTE-0554,driver,top,5,0.8,0.91,low,1
ACC-0168,NOTE-0499,support,top,4,0.85,0.93,medium,2
ACC-0169,NOTE-0457,modifier,base,2,0.55,0.89,high,1
ACC-0169,NOTE-0455,modifier,base,1,0.5,0.88,high,2
ACC-0169,NOTE-0465,modifier,base,1,0.6,0.94,high,2
ACC-0169,NOTE-0514,driver,heart,5,0.7,0.86,medium,1
ACC-0169,NOTE-0546,support,heart,4,0.65,0.84,medium,2
ACC-0169,NOTE-0513,support,heart,3,0.6,0.82,medium,3
ACC-0170,NOTE-0473,support,base,3,0.7,0.9,high,1
ACC-0170,NOTE-0205,modifier,base,1,0.7,0.96,high,2
ACC-0170,NOTE-0476,modifier,base,1,0.65,0.95,high,2
ACC-0170,NOTE-0475,support,heart,4,0.65,0.82,medium,1
ACC-0170,NOTE-0497,driver,top,5,0.8,0.88,low,1
ACC-0170,NOTE-0449,modifier,top,2,0.85,0.93,low,2
ACC-0171,NOTE-0021,modifier,base,2,0.75,0.95,high,1
ACC-0171,NOTE-0205,modifier,base,1,0.8,0.97,high,2
ACC-0171,NOTE-0465,modifier,base,1,0.65,0.95,high,2
ACC-0171,NOTE-0464,driver,top,5,0.75,0.86,low,1
ACC-0171,NOTE-0561,support,top,4,0.7,0.85,low,2
ACC-0171,NOTE-0488,support,top,3,0.7,0.89,low,3
ACC-0172,NOTE-0205,modifier,base,1,0.7,0.96,high,1
ACC-0172,NOTE-0465,modifier,base,1,0.65,0.95,high,1
ACC-0172,NOTE-0562,driver,heart,5,0.7,0.91,medium,1
ACC-0172,NOTE-0467,support,heart,4,0.65,0.88,medium,2
ACC-0172,NOTE-0193,modifier,heart,2,0.8,0.96,medium,3
ACC-0172,NOTE-0449,support,top,3,0.85,0.94,low,1
ACC-0173,NOTE-0408,support,base,3,0.7,0.92,medium,1
ACC-0173,NOTE-0496,modifier,base,2,0.6,0.91,high,2
ACC-0173,NOTE-0205,modifier,base,1,0.7,0.96,high,3
ACC-0173,NOTE-0465,modifier,base,1,0.65,0.95,high,3
ACC-0173,NOTE-0563,driver,heart,5,0.7,0.88,medium,1
ACC-0173,NOTE-0564,support,heart,4,0.65,0.86,medium,2
ACC-0174,NOTE-0527,driver,base,5,0.65,0.9,high,1
ACC-0174,NOTE-0465,modifier,base,1,0.7,0.95,high,2
ACC-0174,NOTE-0205,modifier,base,1,0.65,0.96,high,2
ACC-0174,NOTE-0484,support,heart,4,0.6,0.88,medium,1
ACC-0174,NOTE-0565,support,heart,3,0.65,0.89,medium,2
ACC-0174,NOTE-0501,modifier,heart,2,0.6,0.91,medium,3
ACC-0175,NOTE-0556,driver,base,5,0.7,0.89,high,1
ACC-0175,NOTE-0485,support,base,4,0.6,0.85,high,2
ACC-0175,NOTE-0205,modifier,base,1,0.75,0.96,high,3
ACC-0175,NOTE-0476,modifier,base,1,0.65,0.95,high,3
ACC-0175,NOTE-0555,support,heart,3,0.65,0.9,medium,1
ACC-0175,NOTE-0481,modifier,heart,2,0.6,0.88,medium,2
ACC-0176,NOTE-0408,support,base,4,0.75,0.93,medium,1
ACC-0176,NOTE-0457,support,base,3,0.65,0.91,high,2
ACC-0176,NOTE-0567,modifier,base,2,0.6,0.88,high,3
ACC-0176,NOTE-0205,modifier,base,1,0.7,0.96,high,4
ACC-0176,NOTE-0465,modifier,base,1,0.65,0.95,high,4
ACC-0176,NOTE-0566,driver,heart,5,0.7,0.9,medium,1
ACC-0177,NOTE-0205,modifier,base,1,0.7,0.96,high,1
ACC-0177,NOTE-0465,modifier,base,1,0.65,0.95,high,1
ACC-0177,NOTE-0477,driver,top,5,0.75,0.87,medium,1
ACC-0177,NOTE-0568,support,top,4,0.65,0.85,low,2
ACC-0177,NOTE-0532,support,top,3,0.7,0.88,low,3
ACC-0177,NOTE-0557,modifier,top,2,0.8,0.92,low,4
ACC-0178,NOTE-0485,driver,base,5,0.65,0.82,high,1
ACC-0178,NOTE-0471,support,base,4,0.6,0.8,high,2
ACC-0178,NOTE-0516,support,base,3,0.55,0.78,high,3
ACC-0178,NOTE-0455,modifier,base,2,0.6,0.88,high,4
ACC-0178,NOTE-0205,modifier,base,1,0.7,0.96,high,5
ACC-0178,NOTE-0476,modifier,base,1,0.65,0.95,high,5
ACC-0179,NOTE-0539,driver,base,5,0.75,0.9,high,1
ACC-0179,NOTE-0470,support,base,4,0.65,0.88,high,2
ACC-0179,NOTE-0471,support,base,3,0.55,0.84,high,3
ACC-0179,NOTE-0455,modifier,base,2,0.6,0.89,high,4
ACC-0179,NOTE-0205,modifier,base,1,0.7,0.96,high,5
ACC-0179,NOTE-0465,modifier,base,1,0.65,0.95,high,5
ACC-0180,NOTE-0569,driver,base,5,0.55,0.8,high,1
ACC-0180,NOTE-0516,support,base,4,0.5,0.78,high,2
ACC-0180,NOTE-0570,support,base,3,0.45,0.75,high,3
ACC-0180,NOTE-0455,modifier,base,2,0.6,0.88,high,4
ACC-0180,NOTE-0476,modifier,base,1,0.7,0.96,high,5
ACC-0180,NOTE-0205,modifier,base,1,0.75,0.97,high,5
ACC-0181,NOTE-0472,driver,base,5,0.7,0.88,high,1
ACC-0181,NOTE-0075,support,base,4,0.6,0.82,high,2
ACC-0181,NOTE-0471,support,base,3,0.55,0.8,high,3
ACC-0181,NOTE-0453,modifier,base,2,0.65,0.9,high,4
ACC-0181,NOTE-0205,modifier,base,1,0.75,0.97,high,5
ACC-0181,NOTE-0021,modifier,base,1,0.7,0.96,high,5
ACC-0182,NOTE-0455,driver,base,5,0.75,0.92,high,1
ACC-0182,NOTE-0457,support,base,4,0.7,0.91,high,2
ACC-0182,NOTE-0309,support,base,3,0.65,0.89,high,3
ACC-0182,NOTE-0408,modifier,base,2,0.6,0.9,medium,4
ACC-0182,NOTE-0458,modifier,base,1,0.55,0.88,high,5
ACC-0182,NOTE-0465,modifier,base,1,0.65,0.95,high,5
ACC-0183,NOTE-0571,driver,base,5,0.7,0.9,high,1
ACC-0183,NOTE-0556,support,base,4,0.65,0.88,high,2
ACC-0183,NOTE-0485,support,base,3,0.55,0.83,high,3
ACC-0183,NOTE-0455,modifier,base,2,0.6,0.89,high,4
ACC-0183,NOTE-0205,modifier,base,1,0.7,0.96,high,5
ACC-0183,NOTE-0476,modifier,base,1,0.65,0.95,high,5
ACC-0184,NOTE-0525,driver,base,5,0.7,0.88,high,1
ACC-0184,NOTE-0296,support,base,4,0.65,0.87,high,2
ACC-0184,NOTE-0471,support,base,3,0.55,0.82,high,3
ACC-0184,NOTE-0458,modifier,base,2,0.6,0.89,high,4
ACC-0184,NOTE-0021,modifier,base,1,0.7,0.96,high,5
ACC-0184,NOTE-0465,modifier,base,1,0.65,0.95,high,5
ACC-0185,NOTE-0075,driver,base,5,0.65,0.82,high,1
ACC-0185,NOTE-0572,support,base,4,0.6,0.8,high,2
ACC-0185,NOTE-0471,support,base,3,0.55,0.78,high,3
ACC-0185,NOTE-0455,modifier,base,2,0.6,0.89,high,4
ACC-0185,NOTE-0205,modifier,base,1,0.75,0.97,high,5
ACC-0185,NOTE-0465,modifier,base,1,0.65,0.95,high,5
ACC-0186,NOTE-0516,driver,base,5,0.55,0.8,high,1
ACC-0186,NOTE-0455,support,base,4,0.7,0.9,high,2
ACC-0186,NOTE-0457,support,base,3,0.65,0.91,high,3
ACC-0186,NOTE-0458,modifier,base,2,0.6,0.89,high,4
ACC-0186,NOTE-0476,modifier,base,1,0.7,0.96,high,5
ACC-0186,NOTE-0205,modifier,base,1,0.75,0.97,high,5
ACC-0187,NOTE-0309,driver,base,5,0.7,0.9,high,1
ACC-0187,NOTE-0395,support,base,4,0.65,0.89,high,2
ACC-0187,NOTE-0573,support,base,3,0.6,0.87,high,3
ACC-0187,NOTE-0471,modifier,base,2,0.55,0.82,high,4
ACC-0187,NOTE-0205,modifier,base,1,0.7,0.96,high,5
ACC-0187,NOTE-0465,modifier,base,1,0.65,0.95,high,5
ACC-0188,NOTE-0569,driver,base,5,0.5,0.78,high,1
ACC-0188,NOTE-0570,support,base,4,0.45,0.74,high,2
ACC-0188,NOTE-0455,modifier,base,2,0.6,0.88,high,3
ACC-0188,NOTE-0476,modifier,base,1,0.7,0.96,high,4
ACC-0188,NOTE-0205,modifier,base,1,0.75,0.97,high,4
ACC-0188,NOTE-0559,support,heart,3,0.55,0.8,medium,1
ACC-0189,NOTE-0574,driver,base,5,0.65,0.86,high,1
ACC-0189,NOTE-0455,support,base,4,0.7,0.9,high,2
ACC-0189,NOTE-0575,support,base,3,0.6,0.88,high,3
ACC-0189,NOTE-0519,modifier,base,2,0.55,0.87,high,4
ACC-0189,NOTE-0205,modifier,base,1,0.7,0.96,high,5
ACC-0189,NOTE-0465,modifier,base,1,0.65,0.95,high,5
ACC-0190,NOTE-0075,driver,base,5,0.65,0.8,high,1
ACC-0190,NOTE-0471,support,base,4,0.6,0.78,high,2
ACC-0190,NOTE-0472,support,base,3,0.7,0.88,high,3
ACC-0190,NOTE-0453,modifier,base,2,0.65,0.9,high,4
ACC-0190,NOTE-0205,modifier,base,1,0.75,0.97,high,5
ACC-0190,NOTE-0021,modifier,base,1,0.7,0.96,high,5
ACC-0191,NOTE-0469,driver,base,5,0.7,0.9,high,1
ACC-0191,NOTE-0470,support,base,4,0.65,0.88,high,2
ACC-0191,NOTE-0576,support,base,3,0.55,0.82,high,3
ACC-0191,NOTE-0455,modifier,base,2,0.6,0.89,high,4
ACC-0191,NOTE-0205,modifier,base,1,0.75,0.97,high,5
ACC-0191,NOTE-0465,modifier,base,1,0.65,0.95,high,5
ACC-0192,NOTE-0539,support,base,3,0.6,0.9,high,1
ACC-0192,NOTE-0205,modifier,base,1,0.7,0.96,high,2
ACC-0192,NOTE-0465,modifier,base,1,0.65,0.95,high,2
ACC-0192,NOTE-0477,driver,heart,5,0.7,0.85,medium,1
ACC-0192,NOTE-0478,support,heart,4,0.65,0.88,medium,2
ACC-0192,NOTE-0577,modifier,heart,2,0.55,0.82,medium,3
ACC-0193,NOTE-0569,support,base,4,0.5,0.78,high,1
ACC-0193,NOTE-0570,support,base,3,0.45,0.75,high,2
ACC-0193,NOTE-0458,modifier,base,2,0.6,0.89,high,3
ACC-0193,NOTE-0205,modifier,base,1,0.75,0.97,high,4
ACC-0193,NOTE-0476,modifier,base,1,0.7,0.96,high,4
ACC-0193,NOTE-0501,driver,heart,5,0.7,0.91,medium,1
ACC-0194,NOTE-0573,driver,base,5,0.7,0.88,high,1
ACC-0194,NOTE-0395,support,base,4,0.65,0.89,high,2
ACC-0194,NOTE-0471,support,base,3,0.55,0.82,high,3
ACC-0194,NOTE-0455,modifier,base,2,0.6,0.9,high,4
ACC-0194,NOTE-0205,modifier,base,1,0.75,0.97,high,5
ACC-0194,NOTE-0465,modifier,base,1,0.65,0.95,high,5
ACC-0195,NOTE-0578,driver,base,5,0.7,0.93,high,1
ACC-0195,NOTE-0539,support,base,4,0.65,0.9,high,2
ACC-0195,NOTE-0472,support,base,3,0.6,0.88,high,3
ACC-0195,NOTE-0455,modifier,base,2,0.55,0.89,high,4
ACC-0195,NOTE-0205,modifier,base,1,0.75,0.97,high,5
ACC-0195,NOTE-0476,modifier,base,1,0.7,0.96,high,5
ACC-0196,NOTE-0205,driver,base,5,0.75,0.97,high,1
ACC-0196,NOTE-0021,support,base,4,0.7,0.96,high,2
ACC-0196,NOTE-0455,support,base,3,0.55,0.9,high,3
ACC-0196,NOTE-0454,modifier,base,2,0.65,0.92,high,4
ACC-0196,NOTE-0456,modifier,base,1,0.4,0.94,high,5
ACC-0196,NOTE-0476,modifier,base,1,0.7,0.97,high,5
ACC-0197,NOTE-0556,driver,base,5,0.55,0.88,high,1
ACC-0197,NOTE-0205,support,base,4,0.75,0.97,high,2
ACC-0197,NOTE-0579,support,base,2,0.25,0.78,high,3
ACC-0197,NOTE-0021,modifier,base,1,0.65,0.96,high,4
ACC-0197,NOTE-0465,modifier,base,1,0.6,0.95,high,4
ACC-0197,NOTE-0565,modifier,heart,2,0.45,0.9,medium,1
ACC-0198,NOTE-0456,driver,base,5,0.7,0.94,high,1
ACC-0198,NOTE-0572,support,base,3,0.35,0.8,high,2
ACC-0198,NOTE-0455,support,base,3,0.55,0.9,high,2
ACC-0198,NOTE-0399,modifier,base,2,0.6,0.93,high,3
ACC-0198,NOTE-0205,modifier,base,1,0.75,0.97,high,4
ACC-0198,NOTE-0476,modifier,base,1,0.7,0.96,high,4
ACC-0199,NOTE-0519,driver,base,5,0.65,0.88,high,1
ACC-0199,NOTE-0408,support,base,4,0.6,0.92,high,2
ACC-0199,NOTE-0459,support,base,3,0.65,0.91,high,3
ACC-0199,NOTE-0520,modifier,base,2,0.5,0.87,high,4
ACC-0199,NOTE-0205,modifier,base,1,0.75,0.97,high,5
ACC-0199,NOTE-0465,modifier,base,1,0.65,0.95,high,5
ACC-0200,NOTE-0021,driver,base,5,0.7,0.96,high,1
ACC-0200,NOTE-0455,support,base,4,0.6,0.9,high,2
ACC-0200,NOTE-0205,modifier,base,1,0.75,0.97,high,3
ACC-0200,NOTE-0476,modifier,base,1,0.7,0.96,high,3
ACC-0200,NOTE-0580,support,heart,3,0.45,0.85,medium,1
ACC-0200,NOTE-0319,modifier,top,2,0.55,0.92,low,1
ACC-0201,NOTE-0469,driver,base,5,0.65,0.91,high,1
ACC-0201,NOTE-0039,support,base,3,0.6,0.92,high,2
ACC-0201,NOTE-0205,modifier,base,1,0.75,0.97,high,3
ACC-0201,NOTE-0465,modifier,base,1,0.65,0.95,high,3
ACC-0201,NOTE-0581,support,heart,4,0.55,0.9,medium,1
ACC-0201,NOTE-0582,modifier,top,2,0.5,0.88,low,1
ACC-0202,NOTE-0507,driver,base,5,0.7,0.97,high,1
ACC-0202,NOTE-0021,support,base,4,0.65,0.96,high,2
ACC-0202,NOTE-0455,support,base,3,0.5,0.9,high,3
ACC-0202,NOTE-0408,modifier,base,2,0.55,0.93,high,4
ACC-0202,NOTE-0205,modifier,base,1,0.75,0.97,high,5
ACC-0202,NOTE-0465,modifier,base,1,0.65,0.95,high,5
ACC-0203,NOTE-0187,driver,base,5,0.65,0.88,high,1
ACC-0203,NOTE-0354,support,base,4,0.7,0.93,high,2
ACC-0203,NOTE-0039,support,base,3,0.55,0.92,high,3
ACC-0203,NOTE-0583,modifier,base,2,0.3,0.8,high,4
ACC-0203,NOTE-0205,modifier,base,1,0.75,0.97,high,5
ACC-0203,NOTE-0476,modifier,base,1,0.7,0.96,high,5
ACC-0204,NOTE-0544,driver,base,5,0.65,0.88,high,1
ACC-0204,NOTE-0455,support,base,4,0.6,0.9,high,2
ACC-0204,NOTE-0408,modifier,base,2,0.55,0.93,high,3
ACC-0204,NOTE-0205,modifier,base,1,0.75,0.97,high,4
ACC-0204,NOTE-0465,modifier,base,1,0.65,0.95,high,4
ACC-0204,NOTE-0580,support,heart,3,0.45,0.85,medium,1
ACC-0205,NOTE-0455,driver,base,5,0.65,0.9,high,1
ACC-0205,NOTE-0021,support,base,4,0.7,0.96,high,2
ACC-0205,NOTE-0039,support,base,3,0.6,0.92,high,3
ACC-0205,NOTE-0399,modifier,base,2,0.55,0.93,high,4
ACC-0205,NOTE-0205,modifier,base,1,0.75,0.97,high,5
ACC-0205,NOTE-0476,modifier,base,1,0.7,0.96,high,5
ACC-0206,NOTE-0469,support,base,3,0.5,0.88,high,1
ACC-0206,NOTE-0205,modifier,base,2,0.75,0.97,high,2
ACC-0206,NOTE-0021,modifier,base,1,0.7,0.96,high,3
ACC-0206,NOTE-0465,modifier,base,1,0.65,0.95,high,3
ACC-0206,NOTE-0040,driver,top,5,0.7,0.94,low,1
ACC-0206,NOTE-0489,support,top,4,0.55,0.9,low,2
ACC-0207,NOTE-0556,driver,base,5,0.55,0.88,high,1
ACC-0207,NOTE-0455,support,base,3,0.6,0.9,high,2
ACC-0207,NOTE-0205,modifier,base,1,0.75,0.97,high,3
ACC-0207,NOTE-0021,modifier,base,1,0.7,0.96,high,3
ACC-0207,NOTE-0465,modifier,base,1,0.65,0.95,high,3
ACC-0207,NOTE-0501,support,heart,4,0.65,0.91,medium,1
ACC-0208,NOTE-0459,driver,base,5,0.7,0.92,high,1
ACC-0208,NOTE-0021,modifier,base,2,0.65,0.96,high,2
ACC-0208,NOTE-0205,modifier,base,1,0.75,0.97,high,3
ACC-0208,NOTE-0465,modifier,base,1,0.65,0.95,high,3
ACC-0208,NOTE-0580,support,heart,4,0.5,0.86,medium,1
ACC-0208,NOTE-0514,support,heart,3,0.45,0.87,medium,2
ACC-0209,NOTE-0021,modifier,base,2,0.65,0.96,high,1
ACC-0209,NOTE-0205,modifier,base,1,0.75,0.97,high,2
ACC-0209,NOTE-0465,modifier,base,1,0.65,0.95,high,2
ACC-0209,NOTE-0040,driver,top,5,0.75,0.94,low,1
ACC-0209,NOTE-0319,support,top,4,0.6,0.92,low,2
ACC-0209,NOTE-0549,support,top,3,0.55,0.9,low,3
ACC-0210,NOTE-0205,support,base,4,0.75,0.97,high,1
ACC-0210,NOTE-0021,support,base,3,0.7,0.96,high,2
ACC-0210,NOTE-0454,modifier,base,2,0.65,0.92,high,3
ACC-0210,NOTE-0465,modifier,base,1,0.65,0.95,high,4
ACC-0210,NOTE-0476,modifier,base,1,0.7,0.96,high,4
ACC-0210,NOTE-0584,driver,top,5,0.65,0.9,low,1
ACC-0211,NOTE-0134,support,base,3,0.55,0.9,high,1
ACC-0211,NOTE-0205,modifier,base,2,0.75,0.97,high,2
ACC-0211,NOTE-0021,modifier,base,1,0.7,0.96,high,3
ACC-0211,NOTE-0465,modifier,base,1,0.65,0.95,high,3
ACC-0211,NOTE-0499,driver,heart,5,0.7,0.93,medium,1
ACC-0211,NOTE-0450,support,heart,4,0.6,0.91,medium,2
ACC-0212,NOTE-0205,driver,base,5,0.8,0.98,high,1
ACC-0212,NOTE-0476,support,base,4,0.75,0.97,high,2
ACC-0212,NOTE-0021,support,base,3,0.7,0.96,high,3
ACC-0212,NOTE-0454,modifier,base,2,0.65,0.92,high,4
ACC-0212,NOTE-0465,modifier,base,1,0.65,0.95,high,5
ACC-0212,NOTE-0354,modifier,base,1,0.6,0.93,high,5
ACC-0213,NOTE-0039,driver,base,5,0.65,0.92,high,1
ACC-0213,NOTE-0455,support,base,4,0.6,0.9,high,2
ACC-0213,NOTE-0187,support,base,3,0.55,0.88,high,3
ACC-0213,NOTE-0456,modifier,base,2,0.5,0.94,high,4
ACC-0213,NOTE-0205,modifier,base,1,0.75,0.97,high,5
ACC-0213,NOTE-0465,modifier,base,1,0.65,0.95,high,5
ACC-0214,NOTE-0471,driver,base,5,0.6,0.78,high,1
ACC-0214,NOTE-0075,support,base,4,0.55,0.76,high,2
ACC-0214,NOTE-0455,support,base,3,0.6,0.88,high,3
ACC-0214,NOTE-0516,modifier,base,2,0.45,0.74,high,4
ACC-0214,NOTE-0205,modifier,base,1,0.7,0.97,high,5
ACC-0214,NOTE-0465,modifier,base,1,0.65,0.95,high,5
ACC-0215,NOTE-0539,driver,base,5,0.7,0.9,high,1
ACC-0215,NOTE-0470,support,base,4,0.65,0.88,high,2
ACC-0215,NOTE-0576,support,base,3,0.55,0.82,high,3
ACC-0215,NOTE-0455,modifier,base,2,0.6,0.89,high,4
ACC-0215,NOTE-0205,modifier,base,1,0.75,0.97,high,5
ACC-0215,NOTE-0465,modifier,base,1,0.65,0.95,high,5
ACC-0216,NOTE-0569,driver,base,5,0.5,0.72,high,1
ACC-0216,NOTE-0570,support,base,4,0.45,0.7,high,2
ACC-0216,NOTE-0455,modifier,base,2,0.6,0.88,high,3
ACC-0216,NOTE-0205,modifier,base,1,0.7,0.97,high,4
ACC-0216,NOTE-0476,modifier,base,1,0.65,0.96,high,4
ACC-0216,NOTE-0559,support,heart,3,0.55,0.8,medium,1
ACC-0217,NOTE-0471,driver,base,5,0.65,0.78,high,1
ACC-0217,NOTE-0472,support,base,4,0.6,0.88,high,2
ACC-0217,NOTE-0075,support,base,3,0.55,0.76,high,3
ACC-0217,NOTE-0453,modifier,base,2,0.65,0.9,high,4
ACC-0217,NOTE-0205,modifier,base,1,0.75,0.97,high,5
ACC-0217,NOTE-0021,modifier,base,1,0.7,0.96,high,5
ACC-0218,NOTE-0539,support,base,3,0.6,0.9,high,1
ACC-0218,NOTE-0205,modifier,base,1,0.75,0.97,high,2
ACC-0218,NOTE-0465,modifier,base,1,0.65,0.95,high,2
ACC-0218,NOTE-0477,driver,heart,5,0.7,0.85,medium,1
ACC-0218,NOTE-0478,support,heart,4,0.65,0.88,medium,2
ACC-0218,NOTE-0577,modifier,heart,2,0.55,0.82,medium,3
ACC-0219,NOTE-0574,driver,base,5,0.65,0.86,high,1
ACC-0219,NOTE-0455,support,base,4,0.7,0.9,high,2
ACC-0219,NOTE-0519,support,base,3,0.55,0.87,high,3
ACC-0219,NOTE-0585,modifier,base,2,0.6,0.89,high,4
ACC-0219,NOTE-0205,modifier,base,1,0.75,0.97,high,5
ACC-0219,NOTE-0465,modifier,base,1,0.65,0.95,high,5
ACC-0220,NOTE-0585,driver,base,5,0.7,0.9,high,1
ACC-0220,NOTE-0455,support,base,4,0.65,0.9,high,2
ACC-0220,NOTE-0516,support,base,3,0.45,0.74,high,3
ACC-0220,NOTE-0586,modifier,base,2,0.65,0.88,high,4
ACC-0220,NOTE-0205,modifier,base,1,0.75,0.97,high,5
ACC-0220,NOTE-0476,modifier,base,1,0.7,0.96,high,5
ACC-0221,NOTE-0573,driver,base,5,0.7,0.88,high,1
ACC-0221,NOTE-0395,support,base,4,0.65,0.89,high,2
ACC-0221,NOTE-0471,support,base,3,0.55,0.82,high,3
ACC-0221,NOTE-0455,modifier,base,2,0.6,0.9,high,4
ACC-0221,NOTE-0205,modifier,base,1,0.75,0.97,high,5
ACC-0221,NOTE-0465,modifier,base,1,0.65,0.95,high,5
ACC-0222,NOTE-0585,modifier,base,2,0.6,0.88,high,1
ACC-0222,NOTE-0205,modifier,base,1,0.75,0.97,high,2
ACC-0222,NOTE-0465,modifier,base,1,0.65,0.95,high,2
ACC-0222,NOTE-0587,driver,heart,5,0.65,0.82,medium,1
ACC-0222,NOTE-0477,support,heart,4,0.6,0.85,medium,2
ACC-0222,NOTE-0588,support,top,3,0.55,0.8,low,1
ACC-0223,NOTE-0453,support,base,4,0.7,0.9,high,1
ACC-0223,NOTE-0452,support,base,3,0.55,0.87,high,2
ACC-0223,NOTE-0454,modifier,base,2,0.65,0.92,high,3
ACC-0223,NOTE-0205,modifier,base,1,0.75,0.97,high,4
ACC-0223,NOTE-0476,modifier,base,1,0.7,0.96,high,4
ACC-0223,NOTE-0589,driver,heart,5,0.6,0.83,medium,1
ACC-0224,NOTE-0585,support,base,4,0.65,0.89,high,1
ACC-0224,NOTE-0586,modifier,base,2,0.7,0.88,high,2
ACC-0224,NOTE-0205,modifier,base,1,0.75,0.97,high,3
ACC-0224,NOTE-0465,modifier,base,1,0.65,0.95,high,3
ACC-0224,NOTE-0587,driver,heart,5,0.65,0.82,medium,1
ACC-0224,NOTE-0116,support,heart,3,0.55,0.86,medium,2
ACC-0225,NOTE-0452,driver,base,5,0.65,0.9,high,1
ACC-0225,NOTE-0453,support,base,4,0.7,0.91,high,2
ACC-0225,NOTE-0585,support,base,3,0.65,0.89,high,3
ACC-0225,NOTE-0205,modifier,base,1,0.75,0.97,high,4
ACC-0225,NOTE-0476,modifier,base,1,0.7,0.96,high,4
ACC-0225,NOTE-0590,modifier,heart,2,0.45,0.78,medium,1
ACC-0226,NOTE-0585,support,base,4,0.65,0.89,high,1
ACC-0226,NOTE-0586,support,base,3,0.7,0.88,high,2
ACC-0226,NOTE-0455,modifier,base,2,0.55,0.9,high,3
ACC-0226,NOTE-0205,modifier,base,1,0.75,0.97,high,4
ACC-0226,NOTE-0465,modifier,base,1,0.65,0.95,high,4
ACC-0226,NOTE-0591,driver,heart,5,0.45,0.7,medium,1
ACC-0227,NOTE-0583,support,base,3,0.3,0.78,high,1
ACC-0227,NOTE-0585,support,base,3,0.65,0.89,high,1
ACC-0227,NOTE-0187,modifier,base,2,0.55,0.88,high,2
ACC-0227,NOTE-0205,modifier,base,1,0.75,0.97,high,3
ACC-0227,NOTE-0465,modifier,base,1,0.65,0.95,high,3
ACC-0227,NOTE-0587,driver,heart,5,0.6,0.8,medium,1
ACC-0228,NOTE-0569,support,base,4,0.45,0.7,high,1
ACC-0228,NOTE-0585,support,base,3,0.65,0.88,high,2
ACC-0228,NOTE-0205,modifier,base,1,0.75,0.97,high,3
ACC-0228,NOTE-0465,modifier,base,1,0.65,0.95,high,3
ACC-0228,NOTE-0587,driver,heart,5,0.65,0.78,medium,1
ACC-0228,NOTE-0559,modifier,heart,2,0.55,0.8,medium,2
ACC-0229,NOTE-0556,support,base,4,0.55,0.86,high,1
ACC-0229,NOTE-0579,support,base,3,0.3,0.78,high,2
ACC-0229,NOTE-0455,modifier,base,2,0.55,0.9,high,3
ACC-0229,NOTE-0205,modifier,base,1,0.75,0.97,high,4
ACC-0229,NOTE-0476,modifier,base,1,0.7,0.96,high,4
ACC-0229,NOTE-0589,driver,heart,5,0.6,0.8,medium,1
ACC-0230,NOTE-0570,support,base,4,0.45,0.7,high,1
ACC-0230,NOTE-0585,support,base,3,0.65,0.88,high,2
ACC-0230,NOTE-0516,modifier,base,2,0.45,0.74,high,3
ACC-0230,NOTE-0205,modifier,base,1,0.75,0.97,high,4
ACC-0230,NOTE-0465,modifier,base,1,0.65,0.95,high,4
ACC-0230,NOTE-0587,driver,heart,5,0.65,0.76,medium,1
ACC-0231,NOTE-0569,support,base,4,0.45,0.72,high,1
ACC-0231,NOTE-0452,support,base,3,0.55,0.87,high,2
ACC-0231,NOTE-0586,modifier,base,2,0.7,0.88,high,3
ACC-0231,NOTE-0205,modifier,base,1,0.75,0.97,high,4
ACC-0231,NOTE-0476,modifier,base,1,0.7,0.96,high,4
ACC-0231,NOTE-0591,driver,heart,5,0.45,0.7,medium,1
ACC-0232,NOTE-0583,support,base,3,0.3,0.78,high,1
ACC-0232,NOTE-0516,support,base,3,0.45,0.74,high,1
ACC-0232,NOTE-0187,modifier,base,2,0.55,0.88,high,2
ACC-0232,NOTE-0205,modifier,base,1,0.75,0.97,high,3
ACC-0232,NOTE-0465,modifier,base,1,0.65,0.95,high,3
ACC-0232,NOTE-0587,driver,heart,5,0.6,0.78,medium,1
ACC-0233,NOTE-0585,support,base,4,0.65,0.89,high,1
ACC-0233,NOTE-0476,support,base,3,0.7,0.96,high,2
ACC-0233,NOTE-0570,modifier,base,2,0.45,0.72,high,3
ACC-0233,NOTE-0205,modifier,base,1,0.75,0.97,high,4
ACC-0233,NOTE-0465,modifier,base,1,0.65,0.95,high,4
ACC-0233,NOTE-0591,driver,heart,5,0.45,0.7,medium,1
ACC-0234,NOTE-0592,driver,top,5,0.7,0.92,low,1
ACC-0235,NOTE-0205,modifier,base,2,0.75,0.97,high,1
ACC-0235,NOTE-0465,modifier,base,1,0.65,0.95,high,2
ACC-0235,NOTE-0021,modifier,base,1,0.7,0.96,high,2
ACC-0235,NOTE-0593,support,heart,3,0.35,0.9,medium,1
ACC-0236,NOTE-0205,modifier,base,2,0.75,0.97,high,1
ACC-0236,NOTE-0465,modifier,base,1,0.65,0.95,high,2
ACC-0236,NOTE-0477,support,heart,4,0.55,0.85,medium,1
ACC-0236,NOTE-0594,driver,top,5,0.65,0.88,low,1
ACC-0236,NOTE-0588,support,top,3,0.5,0.8,low,2
ACC-0237,NOTE-0585,support,base,3,0.65,0.89,high,1
ACC-0237,NOTE-0205,modifier,base,2,0.75,0.97,high,2
ACC-0237,NOTE-0465,modifier,base,1,0.65,0.95,high,3
ACC-0237,NOTE-0595,driver,heart,5,0.65,0.9,medium,1
ACC-0237,NOTE-0596,support,heart,4,0.55,0.88,medium,2
ACC-0238,NOTE-0408,support,base,3,0.55,0.93,high,1
ACC-0238,NOTE-0205,modifier,base,2,0.75,0.97,high,2
ACC-0238,NOTE-0465,modifier,base,1,0.65,0.95,high,3
ACC-0238,NOTE-0597,driver,heart,5,0.65,0.92,medium,1
ACC-0238,NOTE-0598,support,heart,4,0.6,0.9,medium,2
ACC-0239,NOTE-0205,modifier,base,2,0.75,0.97,high,1
ACC-0239,NOTE-0465,modifier,base,1,0.65,0.95,high,2
ACC-0239,NOTE-0599,driver,top,5,0.65,0.88,low,1
ACC-0239,NOTE-0175,support,top,4,0.7,0.9,low,2
ACC-0239,NOTE-0588,support,top,3,0.55,0.8,low,3
ACC-0240,NOTE-0205,modifier,base,2,0.75,0.97,high,1
ACC-0240,NOTE-0465,modifier,base,1,0.65,0.95,high,2
ACC-0240,NOTE-0602,support,heart,3,0.55,0.86,medium,1
ACC-0240,NOTE-0600,driver,top,5,0.65,0.88,low,1
ACC-0240,NOTE-0601,support,top,4,0.6,0.87,low,2
ACC-0241,NOTE-0205,modifier,base,2,0.75,0.97,high,1
ACC-0241,NOTE-0465,modifier,base,1,0.65,0.95,high,2
ACC-0241,NOTE-0584,driver,top,5,0.7,0.9,low,1
ACC-0241,NOTE-0533,support,top,4,0.55,0.88,low,2
ACC-0241,NOTE-0592,support,top,3,0.6,0.9,low,3
ACC-0242,NOTE-0354,support,base,3,0.65,0.94,high,1
ACC-0242,NOTE-0205,modifier,base,2,0.75,0.97,high,2
ACC-0242,NOTE-0465,modifier,base,1,0.65,0.95,high,3
ACC-0242,NOTE-0603,driver,heart,5,0.6,0.92,medium,1
ACC-0242,NOTE-0518,support,heart,4,0.55,0.9,medium,2
ACC-0243,NOTE-0455,support,base,3,0.75,0.85,medium,1
ACC-0243,NOTE-0458,modifier,base,2,0.65,0.85,medium,2
ACC-0243,NOTE-0021,support,base,2,0.7,0.95,high,2
ACC-0243,NOTE-0349,driver,heart,5,0.95,0.8,high,1
ACC-0243,NOTE-0501,support,heart,3,0.8,0.85,high,2
ACC-0243,NOTE-0605,driver,heart/base,4,0.85,0.8,high,1
ACC-0244,NOTE-0604,driver,base,4,0.85,0.8,medium,1
ACC-0244,NOTE-0525,support,base,3,0.75,0.8,medium,2
ACC-0244,NOTE-0607,modifier,base,2,0.6,0.75,medium,3
ACC-0244,NOTE-0455,support,base,2,0.65,0.85,medium,3
ACC-0244,NOTE-0501,driver,heart,5,0.95,0.9,high,1
ACC-0244,NOTE-0349,support,heart,3,0.7,0.8,high,2
ACC-0245,NOTE-0003,driver,base,5,0.9,0.75,medium,1
ACC-0245,NOTE-0604,support,base,3,0.75,0.8,medium,2
ACC-0245,NOTE-0021,modifier,base,2,0.7,0.95,high,3
ACC-0245,NOTE-0455,modifier,base,2,0.65,0.85,medium,3
ACC-0245,NOTE-0501,driver,heart,5,0.95,0.9,high,1
ACC-0245,NOTE-0349,support,heart,3,0.8,0.8,high,2
ACC-0246,NOTE-0606,support,base,3,0.8,0.8,medium,1
ACC-0246,NOTE-0485,support,base,3,0.75,0.75,medium,1
ACC-0246,NOTE-0021,modifier,base,2,0.65,0.95,high,2
ACC-0246,NOTE-0455,support,base,2,0.7,0.85,medium,2
ACC-0246,NOTE-0349,driver,heart,4,0.85,0.8,high,1
ACC-0246,NOTE-0605,driver,heart/base,5,0.9,0.8,high,1
ACC-0247,NOTE-0604,driver,base,5,0.95,0.8,medium,1
ACC-0247,NOTE-0515,support,base,4,0.8,0.85,high,2
ACC-0247,NOTE-0453,support,base,3,0.75,0.85,high,3
ACC-0247,NOTE-0455,support,base,3,0.7,0.85,medium,3
ACC-0247,NOTE-0452,modifier,base,2,0.6,0.85,medium,4
ACC-0247,NOTE-0525,support,base,2,0.65,0.8,medium,4
ACC-0248,NOTE-0453,driver,base,5,0.95,0.85,high,1
ACC-0248,NOTE-0586,support,base,4,0.8,0.85,high,2
ACC-0248,NOTE-0525,support,base,3,0.75,0.8,medium,3
ACC-0248,NOTE-0454,support,base,3,0.7,0.9,high,3
ACC-0248,NOTE-0021,modifier,base,2,0.65,0.95,high,4
ACC-0248,NOTE-0205,modifier,base,2,0.6,0.95,high,4
ACC-0249,NOTE-0021,driver,base,5,0.95,0.95,high,1
ACC-0249,NOTE-0505,driver,base,4,0.85,0.95,high,2
ACC-0249,NOTE-0455,support,base,3,0.8,0.85,medium,3
ACC-0249,NOTE-0456,support,base,3,0.75,0.95,high,3
ACC-0249,NOTE-0608,modifier,base,2,0.65,0.9,high,4
ACC-0249,NOTE-0087,support,base,2,0.7,0.9,high,4
ACC-0250,NOTE-0609,driver,base,5,0.85,0.75,medium,1
ACC-0250,NOTE-0610,driver,base,4,0.8,0.7,medium,2
ACC-0250,NOTE-0611,support,base,3,0.75,0.75,medium,3
ACC-0250,NOTE-0046,support,base,3,0.7,0.75,medium,3
ACC-0250,NOTE-0455,support,base,2,0.65,0.85,medium,4
ACC-0250,NOTE-0349,modifier,heart,2,0.6,0.8,high,1
ACC-0251,NOTE-0455,driver,base,5,0.95,0.85,medium,1
ACC-0251,NOTE-0457,driver,base,4,0.9,0.9,high,2
ACC-0251,NOTE-0606,support,base,3,0.8,0.8,medium,3
ACC-0251,NOTE-0284,support,base,3,0.75,0.85,medium,3
ACC-0251,NOTE-0021,modifier,base,2,0.7,0.95,high,4
ACC-0251,NOTE-0456,support,base,2,0.85,0.95,high,4
ACC-0252,NOTE-0455,driver,base,5,0.95,0.85,medium,1
ACC-0252,NOTE-0456,driver,base,4,0.9,0.95,high,2
ACC-0252,NOTE-0457,support,base,3,0.85,0.9,high,3
ACC-0252,NOTE-0496,modifier,base,2,0.65,0.9,high,4
ACC-0252,NOTE-0604,support,base,2,0.7,0.8,medium,4
ACC-0252,NOTE-0612,support,heart,3,0.75,0.8,medium,1
ACC-0253,NOTE-0606,support,base,3,0.75,0.8,medium,1
ACC-0253,NOTE-0455,support,base,3,0.7,0.85,medium,1
ACC-0253,NOTE-0612,driver,heart,5,0.85,0.8,medium,1
ACC-0253,NOTE-0349,driver,heart,4,0.8,0.8,high,2
ACC-0253,NOTE-0513,modifier,heart,2,0.6,0.8,medium,3
ACC-0253,NOTE-0514,support,heart,2,0.65,0.85,high,3
ACC-0254,NOTE-0519,driver,base,5,0.9,0.85,high,1
ACC-0254,NOTE-0046,driver,base,4,0.8,0.75,medium,2
ACC-0254,NOTE-0496,support,base,3,0.85,0.9,high,3
ACC-0254,NOTE-0606,support,base,3,0.75,0.8,medium,3
ACC-0254,NOTE-0455,modifier,base,2,0.7,0.85,medium,4
ACC-0254,NOTE-0456,support,base,2,0.8,0.95,high,4
ACC-0255,NOTE-0614,driver,base,4,0.85,0.8,medium,1
ACC-0255,NOTE-0606,support,base,3,0.75,0.8,medium,2
ACC-0255,NOTE-0455,support,base,3,0.8,0.85,medium,2
ACC-0255,NOTE-0453,modifier,base,2,0.65,0.85,high,3
ACC-0255,NOTE-0454,support,base,2,0.7,0.9,high,3
ACC-0255,NOTE-0613,driver,heart/base,5,0.95,0.85,high,1
ACC-0256,NOTE-0454,driver,base,5,0.95,0.95,high,1
ACC-0256,NOTE-0453,driver,base,4,0.85,0.85,high,2
ACC-0256,NOTE-0525,support,base,3,0.75,0.8,medium,3
ACC-0256,NOTE-0021,support,base,3,0.7,0.95,high,3
ACC-0256,NOTE-0205,modifier,base,2,0.65,0.95,high,4
ACC-0256,NOTE-0462,modifier,base,2,0.6,0.85,high,4
ACC-0257,NOTE-0003,driver,base,5,0.9,0.75,medium,1
ACC-0257,NOTE-0455,driver,base,4,0.85,0.85,medium,2
ACC-0257,NOTE-0021,support,base,3,0.8,0.95,high,3
ACC-0257,NOTE-0604,support,base,3,0.75,0.8,medium,3
ACC-0257,NOTE-0456,support,base,2,0.7,0.95,high,4
ACC-0257,NOTE-0349,modifier,heart,2,0.65,0.8,high,1
ACC-0258,NOTE-0003,driver,base,5,0.9,0.75,medium,1
ACC-0258,NOTE-0604,support,base,3,0.75,0.8,medium,2
ACC-0258,NOTE-0349,driver,heart,4,0.85,0.8,high,1
ACC-0258,NOTE-0612,support,heart,3,0.7,0.8,medium,2
ACC-0258,NOTE-0501,modifier,heart,2,0.6,0.85,high,3
ACC-0258,NOTE-0550,support,top/heart,2,0.65,0.9,high,1
ACC-0259,NOTE-0003,driver,base,5,0.85,0.75,medium,1
ACC-0259,NOTE-0021,modifier,base,2,0.6,0.95,high,2
ACC-0259,NOTE-0604,support,base,2,0.65,0.8,medium,2
ACC-0259,NOTE-0501,driver,heart,5,0.95,0.9,high,1
ACC-0259,NOTE-0492,support,heart,3,0.75,0.85,high,2
ACC-0259,NOTE-0349,support,heart,3,0.7,0.8,high,2
ACC-0260,NOTE-0452,driver,base,5,0.9,0.8,medium,1
ACC-0260,NOTE-0604,support,base,4,0.85,0.8,medium,2
ACC-0260,NOTE-0455,support,base,3,0.8,0.85,medium,3
ACC-0260,NOTE-0205,modifier,base,2,0.65,0.95,high,4
ACC-0260,NOTE-0501,support,heart,3,0.75,0.85,high,1
ACC-0260,NOTE-0492,support,heart,2,0.7,0.85,high,2
ACC-0260,NOTE-0040,driver,top,5,0.95,0.85,high,1
ACC-0261,NOTE-0452,driver,base,4,0.9,0.8,medium,1
ACC-0261,NOTE-0604,support,base,3,0.8,0.8,medium,2
ACC-0261,NOTE-0021,modifier,base,2,0.65,0.95,high,3
ACC-0261,NOTE-0588,driver,heart,4,0.85,0.8,medium,1
ACC-0261,NOTE-0501,support,heart,3,0.75,0.85,high,2
ACC-0261,NOTE-0040,driver,top,5,0.95,0.85,high,1
ACC-0262,NOTE-0452,driver,base,5,0.9,0.8,medium,1
ACC-0262,NOTE-0604,support,base,4,0.85,0.8,medium,2
ACC-0262,NOTE-0606,support,base,3,0.75,0.8,medium,3
ACC-0262,NOTE-0455,support,base,3,0.8,0.85,medium,3
ACC-0262,NOTE-0485,modifier,base,2,0.65,0.75,medium,4
ACC-0262,NOTE-0040,driver,top,4,0.9,0.8,high,1
ACC-0263,NOTE-0452,driver,base,4,0.9,0.8,medium,1
ACC-0263,NOTE-0462,support,base,3,0.8,0.85,medium,2
ACC-0263,NOTE-0021,modifier,base,2,0.65,0.95,high,3
ACC-0263,NOTE-0501,driver,heart,4,0.9,0.9,high,1
ACC-0263,NOTE-0492,support,heart,3,0.8,0.85,high,2
ACC-0263,NOTE-0040,driver,top,5,0.95,0.85,high,1
ACC-0264,NOTE-0003,driver,base,4,0.85,0.75,medium,1
ACC-0264,NOTE-0456,support,base,3,0.85,0.95,high,2
ACC-0264,NOTE-0609,modifier,base,2,0.65,0.8,medium,3
ACC-0264,NOTE-0616,support,base,2,0.75,0.85,high,3
ACC-0264,NOTE-0527,driver,heart,5,0.95,0.85,high,1
ACC-0264,NOTE-0501,support,heart,3,0.8,0.85,high,2
ACC-0265,NOTE-0456,support,base,3,0.85,0.95,high,1
ACC-0265,NOTE-0617,support,base,3,0.8,0.9,high,1
ACC-0265,NOTE-0021,modifier,base,2,0.65,0.95,high,2
ACC-0265,NOTE-0527,driver,heart,5,0.95,0.85,high,1
ACC-0265,NOTE-0484,driver,heart,4,0.9,0.9,high,2
ACC-0265,NOTE-0501,support,heart,2,0.75,0.85,high,3
ACC-0266,NOTE-0505,driver,base,5,0.95,0.95,high,1
ACC-0266,NOTE-0507,driver,base,4,0.9,0.9,high,2
ACC-0266,NOTE-0617,support,base,3,0.85,0.9,high,3
ACC-0266,NOTE-0087,support,base,3,0.8,0.9,high,3
ACC-0266,NOTE-0456,modifier,base,2,0.7,0.95,high,4
ACC-0266,NOTE-0205,support,base,2,0.75,0.95,high,4
ACC-0267,NOTE-0505,support,base,3,0.9,0.95,high,1
ACC-0267,NOTE-0021,support,base,3,0.8,0.95,high,1
ACC-0267,NOTE-0456,modifier,base,2,0.7,0.95,high,2
ACC-0267,NOTE-0609,support,base,2,0.75,0.85,medium,2
ACC-0267,NOTE-0501,driver,heart,5,0.95,0.9,high,1
ACC-0267,NOTE-0492,driver,heart,4,0.9,0.85,high,2
ACC-0268,NOTE-0408,driver,base,5,0.7,0.94,high,1
ACC-0268,NOTE-0039,modifier,base,2,0.55,0.92,high,2
ACC-0268,NOTE-0205,modifier,base,1,0.75,0.97,high,3
ACC-0268,NOTE-0465,modifier,base,1,0.65,0.95,high,3
ACC-0268,NOTE-0563,support,heart,4,0.6,0.9,medium,1
ACC-0268,NOTE-0618,support,heart,3,0.5,0.85,medium,2
ACC-0269,NOTE-0619,driver,base,5,0.65,0.92,high,1
ACC-0269,NOTE-0408,support,base,3,0.6,0.93,high,2
ACC-0269,NOTE-0399,modifier,base,2,0.55,0.93,high,3
ACC-0269,NOTE-0205,modifier,base,1,0.75,0.97,high,4
ACC-0269,NOTE-0465,modifier,base,1,0.65,0.95,high,4
ACC-0269,NOTE-0593,support,heart,4,0.45,0.9,medium,1
ACC-0270,NOTE-0544,driver,base,5,0.65,0.88,high,1
ACC-0270,NOTE-0408,support,base,4,0.6,0.93,high,2
ACC-0270,NOTE-0399,support,base,3,0.55,0.93,high,3
ACC-0270,NOTE-0039,modifier,base,2,0.55,0.92,high,4
ACC-0270,NOTE-0205,modifier,base,1,0.75,0.97,high,5
ACC-0270,NOTE-0465,modifier,base,1,0.65,0.95,high,5
ACC-0271,NOTE-0408,support,base,3,0.6,0.93,high,1
ACC-0271,NOTE-0039,modifier,base,2,0.55,0.92,high,2
ACC-0271,NOTE-0205,modifier,base,1,0.75,0.97,high,3
ACC-0271,NOTE-0465,modifier,base,1,0.65,0.95,high,3
ACC-0271,NOTE-0620,driver,heart,5,0.65,0.9,medium,1
ACC-0271,NOTE-0621,support,heart,4,0.55,0.88,medium,2
ACC-0272,NOTE-0574,driver,base,5,0.65,0.86,high,1
ACC-0272,NOTE-0408,support,base,4,0.6,0.93,high,2
ACC-0272,NOTE-0399,modifier,base,2,0.55,0.93,high,3
ACC-0272,NOTE-0205,modifier,base,1,0.75,0.97,high,4
ACC-0272,NOTE-0465,modifier,base,1,0.65,0.95,high,4
ACC-0272,NOTE-0580,support,heart,3,0.45,0.85,medium,1
ACC-0273,NOTE-0544,driver,base,5,0.65,0.88,high,1
ACC-0273,NOTE-0408,support,base,3,0.6,0.93,high,2
ACC-0273,NOTE-0039,modifier,base,2,0.55,0.92,high,3
ACC-0273,NOTE-0205,modifier,base,1,0.75,0.97,high,4
ACC-0273,NOTE-0465,modifier,base,1,0.65,0.95,high,4
ACC-0273,NOTE-0563,support,heart,4,0.6,0.9,medium,1
ACC-0274,NOTE-0622,driver,base,5,0.65,0.9,high,1
ACC-0274,NOTE-0408,support,base,4,0.6,0.93,high,2
ACC-0274,NOTE-0399,modifier,base,2,0.55,0.93,high,3
ACC-0274,NOTE-0205,modifier,base,1,0.75,0.97,high,4
ACC-0274,NOTE-0465,modifier,base,1,0.65,0.95,high,4
ACC-0274,NOTE-0563,support,heart,3,0.55,0.88,medium,1
ACC-0275,NOTE-0003,driver,base,5,0.55,0.88,high,1
ACC-0275,NOTE-0623,support,base,4,0.45,0.86,high,2
ACC-0275,NOTE-0454,support,base,3,0.6,0.92,high,3
ACC-0275,NOTE-0220,modifier,base,2,0.5,0.9,high,4
ACC-0275,NOTE-0205,modifier,base,1,0.75,0.97,high,5
ACC-0276,NOTE-0003,driver,base,5,0.6,0.82,high,1
ACC-0276,NOTE-0624,support,base,4,0.3,0.75,high,2
ACC-0276,NOTE-0140,support,base,3,0.45,0.85,high,3
ACC-0276,NOTE-0046,modifier,base,2,0.25,0.7,high,4
ACC-0276,NOTE-0465,modifier,base,1,0.65,0.9,high,5
ACC-0277,NOTE-0581,driver,base,5,0.45,0.92,high,1
ACC-0277,NOTE-0465,modifier,base,2,0.65,0.95,high,2
ACC-0277,NOTE-0039,modifier,base,1,0.55,0.92,high,3
ACC-0277,NOTE-0625,support,heart,4,0.55,0.9,medium,1
ACC-0277,NOTE-0484,support,heart,3,0.5,0.88,medium,2
ACC-0278,NOTE-0505,driver,base,5,0.75,0.98,high,1
ACC-0278,NOTE-0476,support,base,4,0.65,0.97,high,2
ACC-0278,NOTE-0507,support,base,3,0.6,0.96,high,3
ACC-0278,NOTE-0205,modifier,base,2,0.75,0.97,high,4
ACC-0278,NOTE-0087,modifier,base,1,0.55,0.95,high,5
ACC-0279,NOTE-0134,modifier,base,2,0.5,0.9,high,1
ACC-0279,NOTE-0626,modifier,base,1,0.35,0.88,high,2
ACC-0279,NOTE-0447,driver,heart,5,0.65,0.94,medium,1
ACC-0279,NOTE-0509,support,top,4,0.7,0.95,medium,1
ACC-0279,NOTE-0510,support,top,3,0.65,0.95,medium,2
ACC-0280,NOTE-0581,driver,base,5,0.45,0.92,high,1
ACC-0280,NOTE-0627,support,base,4,0.4,0.9,high,2
ACC-0280,NOTE-0465,modifier,base,1,0.65,0.95,high,3
ACC-0280,NOTE-0420,support,heart,3,0.45,0.88,medium,1
ACC-0280,NOTE-0484,modifier,heart,2,0.5,0.88,medium,2
ACC-0281,NOTE-0407,driver,base,5,0.7,0.96,high,1
ACC-0281,NOTE-0012,support,base,4,0.65,0.95,high,2
ACC-0281,NOTE-0039,support,base,3,0.55,0.94,high,3
ACC-0281,NOTE-0399,modifier,base,2,0.55,0.95,high,4
ACC-0281,NOTE-0269,modifier,base,1,0.7,0.97,high,5
ACC-0282,NOTE-0434,driver,base,5,0.8,0.98,high,1
ACC-0282,NOTE-0505,support,base,4,0.75,0.98,high,2
ACC-0282,NOTE-0205,support,base,3,0.8,0.99,high,3
ACC-0282,NOTE-0021,modifier,base,1,0.65,0.97,high,4
ACC-0282,NOTE-0005,modifier,top,2,0.4,0.92,medium,1
ACC-0283,NOTE-0094,support,base,3,0.6,0.95,high,1
ACC-0283,NOTE-0205,modifier,base,2,0.75,0.99,high,2
ACC-0283,NOTE-0269,modifier,base,1,0.7,0.97,high,3
ACC-0283,NOTE-0040,driver,top,5,0.7,0.95,medium,1
ACC-0283,NOTE-0225,support,top,4,0.65,0.94,medium,2
ACC-0284,NOTE-0134,support,base,3,0.55,0.94,high,1
ACC-0284,NOTE-0626,modifier,base,2,0.4,0.9,high,2
ACC-0284,NOTE-0269,modifier,base,1,0.65,0.96,high,3
ACC-0284,NOTE-0222,driver,heart,5,0.65,0.95,medium,1
ACC-0284,NOTE-0040,support,top,4,0.65,0.95,medium,1
ACC-0285,NOTE-0204,driver,base,5,0.45,0.95,high,1
ACC-0285,NOTE-0269,modifier,base,2,0.65,0.97,high,2
ACC-0285,NOTE-0407,modifier,base,1,0.55,0.95,high,3
ACC-0285,NOTE-0418,support,heart,4,0.55,0.93,medium,1
ACC-0285,NOTE-0194,support,heart,3,0.5,0.92,medium,2
ACC-0286,NOTE-0407,support,base,3,0.6,0.95,high,1
ACC-0286,NOTE-0628,modifier,base,2,0.5,0.88,medium,2
ACC-0286,NOTE-0269,modifier,base,1,0.65,0.96,high,3
ACC-0286,NOTE-0375,driver,top,5,0.6,0.9,medium,1
ACC-0286,NOTE-0327,support,top,4,0.55,0.9,medium,2
ACC-0287,NOTE-0434,support,base,4,0.8,0.98,high,1
ACC-0287,NOTE-0505,support,base,3,0.75,0.98,high,2
ACC-0287,NOTE-0205,modifier,base,2,0.75,0.99,high,3
ACC-0287,NOTE-0021,modifier,base,1,0.65,0.97,high,4
ACC-0287,NOTE-0005,driver,top,5,0.45,0.94,medium,1
ACC-0288,NOTE-0434,support,base,3,0.75,0.98,high,1
ACC-0288,NOTE-0205,modifier,base,2,0.75,0.99,high,2
ACC-0288,NOTE-0507,modifier,base,1,0.65,0.97,high,3
ACC-0288,NOTE-0233,support,heart,4,0.6,0.95,medium,1
ACC-0288,NOTE-0005,driver,top,5,0.45,0.94,medium,1
ACC-0289,NOTE-0434,modifier,base,2,0.75,0.98,high,1
ACC-0289,NOTE-0205,modifier,base,1,0.75,0.99,high,2
ACC-0289,NOTE-0166,support,heart,3,0.55,0.95,medium,1
ACC-0289,NOTE-0180,driver,top,5,0.65,0.94,medium,1
ACC-0289,NOTE-0303,support,top,4,0.6,0.94,medium,2
ACC-0290,NOTE-0434,modifier,base,2,0.75,0.98,high,1
ACC-0290,NOTE-0205,modifier,base,1,0.75,0.99,high,2
ACC-0290,NOTE-0222,support,heart,4,0.65,0.95,medium,1
ACC-0290,NOTE-0344,driver,top,5,0.6,0.92,medium,1
ACC-0290,NOTE-0155,support,top,3,0.5,0.9,medium,2
ACC-0291,NOTE-0434,modifier,base,2,0.75,0.98,high,1
ACC-0291,NOTE-0205,modifier,base,1,0.75,0.99,high,2
ACC-0291,NOTE-0338,driver,heart,5,0.55,0.95,medium,1
ACC-0291,NOTE-0306,support,heart,4,0.55,0.95,medium,2
ACC-0291,NOTE-0233,support,heart,3,0.6,0.95,medium,3
ACC-0292,NOTE-0629,support,base,4,0.75,0.98,high,1
ACC-0292,NOTE-0407,modifier,base,2,0.55,0.95,high,2
ACC-0292,NOTE-0205,modifier,base,1,0.75,0.99,high,3
ACC-0292,NOTE-0484,support,heart,3,0.5,0.92,medium,1
ACC-0292,NOTE-0005,driver,top,5,0.4,0.93,medium,1
ACC-0293,NOTE-0434,modifier,base,2,0.75,0.98,high,1
ACC-0293,NOTE-0205,modifier,base,1,0.75,0.99,high,2
ACC-0293,NOTE-0225,driver,top,5,0.65,0.94,medium,1
ACC-0293,NOTE-0040,support,top,4,0.65,0.95,medium,2
ACC-0293,NOTE-0005,support,top,3,0.45,0.93,medium,3
ACC-0294,NOTE-0456,support,base,4,0.8,0.9,high,1
ACC-0294,NOTE-0284,modifier,base,3,0.7,0.9,medium,2
ACC-0294,NOTE-0612,driver,heart,5,0.9,0.8,medium,1
ACC-0294,NOTE-0513,driver,heart,4,0.85,0.8,medium,2
ACC-0294,NOTE-0514,support,heart,3,0.8,0.85,high,3
ACC-0294,NOTE-0550,support,top/heart,3,0.75,0.9,high,1
ACC-0295,NOTE-0506,driver,base,5,0.9,0.95,high,1
ACC-0295,NOTE-0608,driver,base,4,0.85,0.9,high,2
ACC-0295,NOTE-0484,support,base,4,0.8,0.9,high,2
ACC-0295,NOTE-0527,support,base,3,0.75,0.85,high,3
ACC-0295,NOTE-0456,modifier,base,2,0.65,0.95,high,4
ACC-0295,NOTE-0524,support,heart/base,3,0.7,0.9,high,1
ACC-0296,NOTE-0632,driver,base,5,0.9,0.9,high,1
ACC-0296,NOTE-0659,driver,base,4,0.85,0.9,high,2
ACC-0296,NOTE-0461,support,base,4,0.8,0.9,high,2
ACC-0296,NOTE-0660,support,base,3,0.7,0.85,high,3
ACC-0296,NOTE-0456,support,base,3,0.75,0.95,high,3
ACC-0296,NOTE-0661,modifier,base,2,0.6,0.9,high,4
ACC-0297,NOTE-0496,driver,base,5,0.95,0.9,high,1
ACC-0297,NOTE-0134,driver,base,5,0.9,0.9,high,1
ACC-0297,NOTE-0456,support,base,4,0.85,0.95,high,2
ACC-0297,NOTE-0457,support,base,3,0.75,0.9,high,3
ACC-0297,NOTE-0484,support,base,3,0.7,0.9,high,3
ACC-0297,NOTE-0631,modifier,base,2,0.65,0.95,high,4
ACC-0298,NOTE-0456,support,base,2,0.7,0.95,high,1
ACC-0298,NOTE-0655,driver,heart,5,0.95,0.9,high,1
ACC-0298,NOTE-0511,driver,heart,5,0.9,0.9,high,1
ACC-0298,NOTE-0504,support,heart,3,0.75,0.85,high,2
ACC-0298,NOTE-0665,modifier,heart,2,0.65,0.9,high,3
ACC-0299,NOTE-0456,support,base,3,0.75,0.95,high,1
ACC-0299,NOTE-0666,modifier,base,2,0.65,0.9,high,2
ACC-0299,NOTE-0645,driver,heart,5,0.9,0.8,high,1
ACC-0299,NOTE-0494,driver,heart,4,0.85,0.85,high,2
ACC-0299,NOTE-0492,support,heart,4,0.8,0.85,high,2
ACC-0299,NOTE-0524,support,heart/base,3,0.7,0.9,high,1
