background_tag,Bridge,Fresh,Mineral,Uncategorized,Floral,Fresh Aquatic,Woody,Marine,Leather,Amber,Powdery,Fresh Spicy,Aromatic,Laundry/Clean,Green
any,97,58,47,53,47,43,43,56,45,39,37,22,12,22,16
headache_prone,97,76,56,46,55,55,42,26,36,60,35,23,30,11,18
likes_oud,84,77,46,56,40,43,57,45,45,34,33,20,29,25,24
minimalist,65,84,52,53,42,50,54,38,41,36,29,22,25,24,11
nightlife,83,64,59,53,53,37,33,45,34,23,29,25,14,20,23
prefers_clean,76,90,58,51,29,41,47,45,41,36,30,19,14,14,20
prefers_natural,81,87,47,33,50,40,34,33,41,33,30,28,31,28,21
sensitive_to_sweet,109,88,47,36,39,37,44,32,30,37,25,24,14,16,18
wants_unique,88,73,49,39,44,49,40,31,26,25,24,14,18,23,27
