region,Bridge,Fresh,Mineral,Uncategorized,Floral,Fresh Aquatic,Woody,Marine,Leather,Amber,Powdery,Fresh Spicy,Aromatic,Laundry/Clean,Green
EU,89,74,57,55,39,38,35,50,33,40,34,23,16,13,20
EastAsia,93,90,49,44,45,34,58,38,38,27,36,21,23,25,15
LatAm,78,88,67,56,48,52,37,45,40,35,33,23,23,24,20
NorthAfrica,92,71,50,39,35,42,40,39,39,34,41,23,30,17,19
Other,86,72,46,45,35,41,50,23,38,33,25,28,21,19,28
SouthAsia,86,83,53,39,42,36,41,37,38,38,33,26,15,28,13
UAE,75,72,44,55,51,49,42,47,34,40,26,19,21,22,25
UK,88,63,50,51,49,53,42,37,41,35,22,15,17,21,13
US,93,84,45,36,55,50,49,35,38,41,22,19,21,14,25
