request_id,clash
REQ-00025,sweet
REQ-00044,sweet
REQ-00045,sweet
REQ-00077,sweet
REQ-00090,sweet
REQ-00094,sweet
REQ-00107,powdery
REQ-00144,smoky
REQ-00155,leather
REQ-00224,sweet
REQ-00240,smoky
REQ-00242,leather
REQ-00257,sweet
REQ-00276,citrus
REQ-00298,citrus
REQ-00344,citrus
REQ-00356,powdery
REQ-00405,smoky
REQ-00437,sweet
REQ-00439,powdery
REQ-00468,leather
REQ-00516,smoky
REQ-00565,leather
REQ-00612,sweet
REQ-00621,smoky
REQ-00660,smoky
REQ-00661,powdery
REQ-00687,powdery
REQ-00698,citrus
REQ-00706,sweet
REQ-00719,powdery
REQ-00735,sweet
REQ-00746,citrus
REQ-00757,smoky
REQ-00759,smoky
REQ-00768,smoky
REQ-00781,citrus
REQ-00788,powdery
REQ-00800,powdery
REQ-00817,citrus
REQ-00850,leather
REQ-00886,leather
REQ-00895,powdery
REQ-00899,citrus
REQ-00939,smoky
REQ-00947,citrus
REQ-00950,smoky
REQ-00957,sweet
REQ-00966,"powdery,smoky"
REQ-00995,citrus
REQ-00996,sweet
REQ-00997,sweet
REQ-01007,powdery
REQ-01009,sweet
REQ-01052,powdery
REQ-01118,leather
REQ-01136,citrus
REQ-01176,powdery
REQ-01178,leather
REQ-01187,sweet
REQ-01230,citrus
REQ-01231,smoky
REQ-01236,smoky
REQ-01243,sweet
REQ-01297,powdery
REQ-01300,leather
REQ-01302,leather
REQ-01336,leather
REQ-01374,citrus
REQ-01401,sweet
REQ-01448,leather
REQ-01496,citrus
REQ-01508,powdery
REQ-01512,sweet
REQ-01523,powdery
REQ-01527,smoky
REQ-01563,smoky
REQ-01570,leather
REQ-01593,leather
REQ-01594,smoky
REQ-01650,sweet
REQ-01671,sweet
REQ-01677,sweet
REQ-01680,sweet
REQ-01694,powdery
REQ-01722,smoky
REQ-01738,smoky
REQ-01755,powdery
REQ-01806,citrus
REQ-01814,leather
REQ-01834,powdery
REQ-01864,citrus
REQ-01899,smoky
REQ-01907,sweet
REQ-01911,smoky
REQ-01917,powdery
REQ-01931,smoky
REQ-01935,citrus
REQ-01941,powdery
REQ-01942,smoky
REQ-01973,sweet
REQ-01989,leather
REQ-01995,smoky
REQ-02014,citrus
REQ-02016,powdery
REQ-02030,leather
REQ-02035,powdery
REQ-02052,smoky
REQ-02065,leather
REQ-02071,smoky
REQ-02075,leather
REQ-02083,citrus
REQ-02084,citrus
REQ-02173,leather
REQ-02179,citrus
REQ-02195,powdery
REQ-02208,sweet
REQ-02223,"leather,powdery"
REQ-02253,smoky
REQ-02282,citrus
REQ-02285,powdery
REQ-02299,sweet
REQ-02308,powdery
REQ-02320,leather
REQ-02326,sweet
REQ-02327,smoky
REQ-02377,leather
REQ-02432,powdery
REQ-02461,leather
REQ-02547,leather
REQ-02552,sweet
REQ-02621,citrus
REQ-02628,citrus
REQ-02631,sweet
REQ-02633,leather
REQ-02687,powdery
REQ-02691,powdery
REQ-02694,smoky
REQ-02713,sweet
REQ-02748,leather
REQ-02762,powdery
REQ-02773,citrus
REQ-02774,sweet
REQ-02789,smoky
REQ-02838,powdery
REQ-02857,smoky
REQ-02916,powdery
REQ-02934,citrus
REQ-02976,powdery
REQ-03004,smoky
REQ-03099,powdery
REQ-03100,sweet
REQ-03111,powdery
REQ-03137,smoky
REQ-03163,citrus
REQ-03213,citrus
REQ-03254,sweet
REQ-03275,powdery
REQ-03311,sweet
REQ-03313,powdery
REQ-03317,smoky
REQ-03322,sweet
REQ-03366,smoky
REQ-03375,leather
REQ-03383,powdery
REQ-03397,sweet
REQ-03423,smoky
REQ-03478,leather
REQ-03480,sweet
REQ-03500,powdery
REQ-03504,powdery
REQ-03528,citrus
REQ-03531,smoky
REQ-03544,citrus
REQ-03559,citrus
REQ-03568,citrus
REQ-03569,powdery
REQ-03570,smoky
REQ-03578,citrus
REQ-03599,leather
REQ-03604,leather
REQ-03605,leather
REQ-03608,powdery
REQ-03610,leather
REQ-03616,leather
REQ-03621,powdery
REQ-03623,citrus
REQ-03640,leather
REQ-03652,citrus
REQ-03774,smoky
REQ-03791,leather
REQ-03800,smoky
REQ-03824,powdery
REQ-03825,citrus
REQ-03858,sweet
REQ-03868,leather
REQ-03869,leather
REQ-03930,citrus
REQ-03934,citrus
REQ-03942,powdery
REQ-03950,sweet
REQ-03996,citrus
REQ-04014,powdery
REQ-04018,sweet
REQ-04041,smoky
REQ-04052,citrus
REQ-04063,leather
REQ-04103,powdery
REQ-04125,smoky
REQ-04129,smoky
REQ-04132,sweet
REQ-04138,leather
REQ-04140,leather
REQ-04148,powdery
REQ-04165,powdery
REQ-04205,leather
REQ-04225,sweet
REQ-04231,smoky
REQ-04238,citrus
REQ-04247,citrus
REQ-04294,smoky
REQ-04298,smoky
REQ-04304,sweet
REQ-04318,sweet
REQ-04324,leather
REQ-04328,sweet
REQ-04357,sweet
REQ-04384,leather
REQ-04393,leather
REQ-04435,citrus
REQ-04452,citrus
REQ-04474,powdery
REQ-04485,smoky
REQ-04497,powdery
REQ-04499,sweet
REQ-04504,smoky
REQ-04512,smoky
REQ-04515,smoky
REQ-04523,"leather,powdery"
REQ-04542,powdery
REQ-04545,sweet
REQ-04563,powdery
REQ-04579,citrus
REQ-04582,leather
REQ-04596,leather
REQ-04600,smoky
REQ-04607,smoky
REQ-04668,leather
REQ-04669,citrus
REQ-04685,sweet
REQ-04702,sweet
REQ-04707,citrus
REQ-04732,citrus
REQ-04734,sweet
REQ-04779,powdery
REQ-04793,leather
REQ-04804,smoky
REQ-04805,smoky
REQ-04841,smoky
REQ-04873,leather
REQ-04899,leather
REQ-04905,leather
REQ-04914,smoky
REQ-04933,powdery
REQ-04936,citrus
REQ-04974,citrus
REQ-04998,smoky
REQ-05013,leather
REQ-05015,sweet
REQ-05017,powdery
REQ-05023,smoky
REQ-05043,smoky
REQ-05060,leather
REQ-05086,smoky
REQ-05103,smoky
REQ-05142,sweet
REQ-05193,sweet
REQ-05195,sweet
REQ-05206,leather
REQ-05215,leather
REQ-05217,smoky
REQ-05260,leather
REQ-05261,citrus
REQ-05295,powdery
REQ-05300,smoky
REQ-05304,smoky
REQ-05342,leather
REQ-05357,smoky
REQ-05457,smoky
REQ-05459,powdery
REQ-05468,smoky
REQ-05539,leather
REQ-05583,smoky
REQ-05592,smoky
REQ-05598,citrus
REQ-05685,citrus
REQ-05716,citrus
REQ-05737,leather
REQ-05744,smoky
REQ-05776,smoky
REQ-05777,smoky
REQ-05791,citrus
REQ-05805,sweet
REQ-05863,smoky
REQ-05878,citrus
REQ-05881,powdery
REQ-05911,powdery
REQ-05914,sweet
REQ-05917,citrus
REQ-05942,sweet
REQ-05951,citrus
REQ-05964,citrus
REQ-05997,citrus
REQ-06017,sweet
REQ-06033,citrus
REQ-06045,citrus
REQ-06082,citrus
REQ-06093,smoky
REQ-06106,powdery
REQ-06122,smoky
REQ-06126,smoky
REQ-06131,leather
REQ-06136,leather
REQ-06154,leather
REQ-06173,citrus
REQ-06193,smoky
REQ-06250,smoky
REQ-06258,smoky
REQ-06273,powdery
REQ-06289,leather
REQ-06295,powdery
REQ-06300,leather
REQ-06330,powdery
REQ-06339,leather
REQ-06377,smoky
REQ-06446,leather
REQ-06457,leather
REQ-06492,powdery
REQ-06507,powdery
REQ-06510,leather
REQ-06573,leather
REQ-06594,sweet
REQ-06615,smoky
REQ-06620,leather
REQ-06623,smoky
REQ-06655,sweet
REQ-06664,sweet
REQ-06673,smoky
REQ-06683,sweet
REQ-06691,leather
REQ-06692,sweet
REQ-06706,"citrus,sweet"
REQ-06782,leather
REQ-06865,sweet
REQ-06875,sweet
REQ-06876,sweet
REQ-06885,leather
REQ-06902,powdery
REQ-06946,powdery
REQ-06998,sweet
REQ-07004,sweet
REQ-07008,smoky
REQ-07088,powdery
REQ-07096,leather
REQ-07108,smoky
REQ-07112,powdery
REQ-07114,smoky
REQ-07133,citrus
REQ-07162,sweet
REQ-07200,sweet
REQ-07221,sweet
REQ-07242,citrus
REQ-07260,sweet
REQ-07264,leather
REQ-07285,sweet
REQ-07296,smoky
REQ-07298,smoky
REQ-07316,citrus
REQ-07318,powdery
REQ-07352,leather
REQ-07357,leather
REQ-07376,smoky
REQ-07399,powdery
REQ-07411,smoky
REQ-07429,powdery
REQ-07435,smoky
REQ-07459,citrus
REQ-07507,smoky
REQ-07517,citrus
REQ-07552,citrus
REQ-07584,leather
REQ-07587,sweet
REQ-07598,smoky
REQ-07621,sweet
REQ-07639,smoky
REQ-07641,smoky
REQ-07656,leather
REQ-07710,leather
REQ-07723,powdery
REQ-07748,smoky
REQ-07756,leather
REQ-07762,powdery
REQ-07793,sweet
REQ-07820,smoky
REQ-07892,citrus
REQ-07901,powdery
REQ-07965,leather
REQ-07969,powdery
REQ-07992,sweet
REQ-08023,leather
REQ-08024,smoky
REQ-08071,smoky
REQ-08073,leather
REQ-08085,powdery
REQ-08087,citrus
REQ-08100,citrus
REQ-08152,sweet
REQ-08180,citrus
REQ-08203,powdery
REQ-08264,sweet
REQ-08273,powdery
REQ-08280,sweet
REQ-08289,leather
REQ-08344,leather
REQ-08358,leather
REQ-08373,citrus
REQ-08385,powdery
REQ-08410,smoky
REQ-08421,powdery
REQ-08440,citrus
REQ-08445,smoky
REQ-08471,smoky
REQ-08472,powdery
REQ-08474,smoky
REQ-08493,powdery
REQ-08506,citrus
REQ-08516,smoky
REQ-08582,powdery
REQ-08589,smoky
REQ-08603,sweet
REQ-08615,smoky
REQ-08628,smoky
REQ-08643,sweet
REQ-08652,powdery
REQ-08666,sweet
REQ-08726,sweet
REQ-08730,powdery
REQ-08732,powdery
REQ-08735,smoky
REQ-08749,powdery
REQ-08760,leather
REQ-08765,powdery
REQ-08836,leather
REQ-08839,citrus
REQ-08845,citrus
REQ-08926,smoky
REQ-08936,powdery
REQ-08940,citrus
REQ-08941,powdery
REQ-08942,powdery
REQ-08956,smoky
REQ-08971,leather
REQ-08992,powdery
REQ-09022,sweet
REQ-09029,smoky
REQ-09044,leather
REQ-09055,leather
REQ-09068,citrus
REQ-09069,smoky
REQ-09072,citrus
REQ-09078,powdery
REQ-09086,powdery
REQ-09088,sweet
REQ-09097,powdery
REQ-09113,leather
REQ-09146,sweet
REQ-09157,powdery
REQ-09159,smoky
REQ-09160,smoky
REQ-09183,leather
REQ-09184,sweet
REQ-09194,citrus
REQ-09203,citrus
REQ-09212,sweet
REQ-09214,sweet
REQ-09221,powdery
REQ-09222,sweet
REQ-09226,leather
REQ-09266,sweet
REQ-09268,citrus
REQ-09271,smoky
REQ-09273,sweet
REQ-09274,leather
REQ-09318,leather
REQ-09325,sweet
REQ-09330,citrus
REQ-09335,smoky
REQ-09354,powdery
REQ-09365,sweet
REQ-09381,smoky
REQ-09393,citrus
REQ-09400,citrus
REQ-09490,sweet
REQ-09502,leather
REQ-09603,smoky
REQ-09609,citrus
REQ-09635,powdery
REQ-09647,powdery
REQ-09654,powdery
REQ-09677,leather
REQ-09682,smoky
REQ-09692,powdery
REQ-09713,powdery
REQ-09714,leather
REQ-09724,citrus
REQ-09765,smoky
REQ-09767,powdery
REQ-09769,leather
REQ-09776,citrus
REQ-09780,sweet
REQ-09818,citrus
REQ-09840,sweet
REQ-09842,sweet
REQ-09845,leather
REQ-09856,leather
REQ-09872,powdery
REQ-09999,leather
